seed,metric_schema_version,candidate,metric,raw_value,calibrated_value,calibrated_minus_raw,improved
42,2_weighted_f1_primary,nn,brier,0.0887040906736291,0.08876404277068418,5.9952097055088194e-05,False
42,2_weighted_f1_primary,nn,log_loss,0.29080007902889177,0.2939705080487943,0.003170429019902554,False
42,2_weighted_f1_primary,nn,roc_auc,0.8871457890385069,0.8853675240176392,-0.001778265020867753,False
42,2_weighted_f1_primary,nn,ece,0.010363715355556144,0.0019245185324900606,-0.008439196823066084,True
42,2_weighted_f1_primary,nn,rms_calibration_error,0.015561674312097108,0.002489883773540194,-0.013071790538556914,True
42,2_weighted_f1_primary,nn,max_calibration_error,0.0425896578406294,0.005227150200104114,-0.03736250764052529,True
42,2_weighted_f1_primary,nn,official_weighted_f1_at_fixed_rate,0.8703832376578645,0.8696192881745121,-0.0007639494833524552,False
42,2_weighted_f1_primary,nn,legacy_dead_class_f1_at_fixed_rate,0.9240298507462686,0.9235820895522389,-0.0004477611940297832,False
42,2_weighted_f1_primary,tree80_nn20,brier,0.08356501175945844,0.0835930924876385,2.8080728180071568e-05,False
42,2_weighted_f1_primary,tree80_nn20,log_loss,0.2736682716498942,0.2737806194075257,0.0001123477576314702,False
42,2_weighted_f1_primary,tree80_nn20,roc_auc,0.9014938676273723,0.9013564921450509,-0.00013737548232140018,False
42,2_weighted_f1_primary,tree80_nn20,ece,0.0033812520342106083,0.004215705139293522,0.0008344531050829139,False
42,2_weighted_f1_primary,tree80_nn20,rms_calibration_error,0.004160093401253449,0.005009492008683482,0.0008493986074300328,False
42,2_weighted_f1_primary,tree80_nn20,max_calibration_error,0.010110747295069722,0.010461346847438907,0.00035059955236918516,False
42,2_weighted_f1_primary,tree80_nn20,official_weighted_f1_at_fixed_rate,0.8784471488710295,0.8780227324913893,-0.0004244163796401912,False
42,2_weighted_f1_primary,tree80_nn20,legacy_dead_class_f1_at_fixed_rate,0.9287562189054727,0.9285074626865671,-0.00024875621890552146,False
20260829,2_weighted_f1_primary,nn,brier,0.0887040906736291,0.08868999008106884,-1.4100592560253866e-05,True
20260829,2_weighted_f1_primary,nn,log_loss,0.29080007902889177,0.29356895400421246,0.00276887497532069,False
20260829,2_weighted_f1_primary,nn,roc_auc,0.8871457890385069,0.8854901407098985,-0.0016556483286084278,False
20260829,2_weighted_f1_primary,nn,ece,0.010363715355556144,0.0021240131141546997,-0.008239702241401445,True
20260829,2_weighted_f1_primary,nn,rms_calibration_error,0.015561674312097108,0.0024985467963304746,-0.013063127515766633,True
20260829,2_weighted_f1_primary,nn,max_calibration_error,0.0425896578406294,0.004339481501728248,-0.038250176338901154,True
20260829,2_weighted_f1_primary,nn,official_weighted_f1_at_fixed_rate,0.8703832376578645,0.8695344048985839,-0.0008488327592806044,False
20260829,2_weighted_f1_primary,nn,legacy_dead_class_f1_at_fixed_rate,0.9240298507462686,0.9235323383084577,-0.0004975124378109319,False
20260829,2_weighted_f1_primary,tree80_nn20,brier,0.08356501175945844,0.08359600359787901,3.099183842057707e-05,False
20260829,2_weighted_f1_primary,tree80_nn20,log_loss,0.2736682716498942,0.2737809812677911,0.00011270961789688894,False
20260829,2_weighted_f1_primary,tree80_nn20,roc_auc,0.9014938676273723,0.9013447417119458,-0.00014912591542648457,False
20260829,2_weighted_f1_primary,tree80_nn20,ece,0.0033812520342106083,0.00422299037690471,0.0008417383426941017,False
20260829,2_weighted_f1_primary,tree80_nn20,rms_calibration_error,0.004160093401253449,0.004981795637787415,0.0008217022365339657,False
20260829,2_weighted_f1_primary,tree80_nn20,max_calibration_error,0.010110747295069722,0.010005702688167334,-0.00010504460690238804,True
20260829,2_weighted_f1_primary,tree80_nn20,official_weighted_f1_at_fixed_rate,0.8784471488710295,0.8781076157673172,-0.00033953310371226397,False
20260829,2_weighted_f1_primary,tree80_nn20,legacy_dead_class_f1_at_fixed_rate,0.9287562189054727,0.9285572139303483,-0.00019900497512437276,False
20260830,2_weighted_f1_primary,nn,brier,0.0887040906736291,0.08867073932614562,-3.335134748347346e-05,True
20260830,2_weighted_f1_primary,nn,log_loss,0.29080007902889177,0.29348548629959403,0.002685407270702267,False
20260830,2_weighted_f1_primary,nn,roc_auc,0.8871457890385069,0.8856467167690368,-0.001499072269470103,False
20260830,2_weighted_f1_primary,nn,ece,0.010363715355556144,0.002522683582098295,-0.00784103177345785,True
20260830,2_weighted_f1_primary,nn,rms_calibration_error,0.015561674312097108,0.003003932656700227,-0.01255774165539688,True
20260830,2_weighted_f1_primary,nn,max_calibration_error,0.0425896578406294,0.005525590486112897,-0.037064067354516506,True
20260830,2_weighted_f1_primary,nn,official_weighted_f1_at_fixed_rate,0.8703832376578645,0.8691948717948716,-0.0011883658629928684,False
20260830,2_weighted_f1_primary,nn,legacy_dead_class_f1_at_fixed_rate,0.9240298507462686,0.9233333333333333,-0.0006965174129353047,False
20260830,2_weighted_f1_primary,tree80_nn20,brier,0.08356501175945844,0.08359031881368498,2.5307054226542114e-05,False
20260830,2_weighted_f1_primary,tree80_nn20,log_loss,0.2736682716498942,0.2737702880214419,0.00010201637154766408,False
20260830,2_weighted_f1_primary,tree80_nn20,roc_auc,0.9014938676273723,0.9013542281872589,-0.0001396394401134149,False
20260830,2_weighted_f1_primary,tree80_nn20,ece,0.0033812520342106083,0.004547464186387482,0.0011662121521768738,False
20260830,2_weighted_f1_primary,tree80_nn20,rms_calibration_error,0.004160093401253449,0.005197325764397458,0.0010372323631440087,False
20260830,2_weighted_f1_primary,tree80_nn20,max_calibration_error,0.010110747295069722,0.010000056467049684,-0.00011069082802003805,True
20260830,2_weighted_f1_primary,tree80_nn20,official_weighted_f1_at_fixed_rate,0.8784471488710295,0.8777680826636052,-0.0006790662074243059,False
20260830,2_weighted_f1_primary,tree80_nn20,legacy_dead_class_f1_at_fixed_rate,0.9287562189054727,0.9283582089552239,-0.0003980099502487455,False
20260831,2_weighted_f1_primary,nn,brier,0.0887040906736291,0.08875400572404044,4.991505041133937e-05,False
20260831,2_weighted_f1_primary,nn,log_loss,0.29080007902889177,0.2936782230821789,0.002878144053287124,False
20260831,2_weighted_f1_primary,nn,roc_auc,0.8871457890385069,0.8856448588471534,-0.0015009301913535555,False
20260831,2_weighted_f1_primary,nn,ece,0.010363715355556144,0.0035180264458333555,-0.006845688909722789,True
20260831,2_weighted_f1_primary,nn,rms_calibration_error,0.015561674312097108,0.004642122562417502,-0.010919551749679606,True
20260831,2_weighted_f1_primary,nn,max_calibration_error,0.0425896578406294,0.010685188241992383,-0.03190446959863702,True
20260831,2_weighted_f1_primary,nn,official_weighted_f1_at_fixed_rate,0.8703832376578645,0.8697041714504401,-0.0006790662074244169,False
20260831,2_weighted_f1_primary,nn,legacy_dead_class_f1_at_fixed_rate,0.9240298507462686,0.9236318407960199,-0.0003980099502487455,False
20260831,2_weighted_f1_primary,tree80_nn20,brier,0.08356501175945844,0.08360710903766429,4.209727820585207e-05,False
20260831,2_weighted_f1_primary,tree80_nn20,log_loss,0.2736682716498942,0.27379163302159676,0.00012336137170254613,False
20260831,2_weighted_f1_primary,tree80_nn20,roc_auc,0.9014938676273723,0.9013591990511064,-0.0001346685762658728,False
20260831,2_weighted_f1_primary,tree80_nn20,ece,0.0033812520342106083,0.0043226020496824995,0.0009413500154718912,False
20260831,2_weighted_f1_primary,tree80_nn20,rms_calibration_error,0.004160093401253449,0.005126935785231761,0.0009668423839783117,False
20260831,2_weighted_f1_primary,tree80_nn20,max_calibration_error,0.010110747295069722,0.009455491769442714,-0.0006552555256270076,True
20260831,2_weighted_f1_primary,tree80_nn20,official_weighted_f1_at_fixed_rate,0.8784471488710295,0.8780227324913893,-0.0004244163796401912,False
20260831,2_weighted_f1_primary,tree80_nn20,legacy_dead_class_f1_at_fixed_rate,0.9287562189054727,0.9285074626865671,-0.00024875621890552146,False
20260832,2_weighted_f1_primary,nn,brier,0.0887040906736291,0.08872371606937274,1.9625395743641527e-05,False
20260832,2_weighted_f1_primary,nn,log_loss,0.29080007902889177,0.2936728452843348,0.0028727662554430267,False
20260832,2_weighted_f1_primary,nn,roc_auc,0.8871457890385069,0.8856039845657138,-0.0015418044727931735,False
20260832,2_weighted_f1_primary,nn,ece,0.010363715355556144,0.002292181875078623,-0.008071533480477521,True
20260832,2_weighted_f1_primary,nn,rms_calibration_error,0.015561674312097108,0.0029637763290763343,-0.012597897983020773,True
20260832,2_weighted_f1_primary,nn,max_calibration_error,0.0425896578406294,0.006940571961567721,-0.03564908587906168,True
20260832,2_weighted_f1_primary,nn,official_weighted_f1_at_fixed_rate,0.8703832376578645,0.8700437045541523,-0.00033953310371226397,False
20260832,2_weighted_f1_primary,nn,legacy_dead_class_f1_at_fixed_rate,0.9240298507462686,0.9238308457711443,-0.00019900497512437276,False
20260832,2_weighted_f1_primary,tree80_nn20,brier,0.08356501175945844,0.08359998273659294,3.4970977134507475e-05,False
20260832,2_weighted_f1_primary,tree80_nn20,log_loss,0.2736682716498942,0.27379202375072853,0.00012375210083431787,False
20260832,2_weighted_f1_primary,tree80_nn20,roc_auc,0.9014938676273723,0.9013446432789983,-0.00014922434837394416,False
20260832,2_weighted_f1_primary,tree80_nn20,ece,0.0033812520342106083,0.004159134901630235,0.0007778828674196267,False
20260832,2_weighted_f1_primary,tree80_nn20,rms_calibration_error,0.004160093401253449,0.004797463501994978,0.0006373701007415288,False
20260832,2_weighted_f1_primary,tree80_nn20,max_calibration_error,0.010110747295069722,0.009617354698728264,-0.0004933925963414576,True
20260832,2_weighted_f1_primary,tree80_nn20,official_weighted_f1_at_fixed_rate,0.8784471488710295,0.8781924990432454,-0.0002546498277841147,False
20260832,2_weighted_f1_primary,tree80_nn20,legacy_dead_class_f1_at_fixed_rate,0.9287562189054727,0.9286069651741293,-0.00014925373134333508,False
20260833,2_weighted_f1_primary,nn,brier,0.0887040906736291,0.0887131091392323,9.018465603208292e-06,False
20260833,2_weighted_f1_primary,nn,log_loss,0.29080007902889177,0.2950821749737249,0.004282095944833142,False
20260833,2_weighted_f1_primary,nn,roc_auc,0.8871457890385069,0.8853630822308843,-0.0017827068076226027,False
20260833,2_weighted_f1_primary,nn,ece,0.010363715355556144,0.001880136897949446,-0.008483578457606698,True
20260833,2_weighted_f1_primary,nn,rms_calibration_error,0.015561674312097108,0.002223203689264154,-0.013338470622832953,True
20260833,2_weighted_f1_primary,nn,max_calibration_error,0.0425896578406294,0.0047061420729839765,-0.037883515767645426,True
20260833,2_weighted_f1_primary,nn,official_weighted_f1_at_fixed_rate,0.8703832376578645,0.8702983543819366,-8.488327592792722e-05,False
20260833,2_weighted_f1_primary,nn,legacy_dead_class_f1_at_fixed_rate,0.9240298507462686,0.9239800995024876,-4.975124378103768e-05,False
20260833,2_weighted_f1_primary,tree80_nn20,brier,0.08356501175945844,0.08359805378648057,3.304202702213155e-05,False
20260833,2_weighted_f1_primary,tree80_nn20,log_loss,0.2736682716498942,0.27381308583963954,0.00014481418974532367,False
20260833,2_weighted_f1_primary,tree80_nn20,roc_auc,0.9014938676273723,0.9013025016733602,-0.00019136595401203493,False
20260833,2_weighted_f1_primary,tree80_nn20,ece,0.0033812520342106083,0.004374462250576677,0.0009932102163660692,False
20260833,2_weighted_f1_primary,tree80_nn20,rms_calibration_error,0.004160093401253449,0.005010767219061585,0.000850673817808136,False
20260833,2_weighted_f1_primary,tree80_nn20,max_calibration_error,0.010110747295069722,0.010734534253049544,0.0006237869579798216,False
20260833,2_weighted_f1_primary,tree80_nn20,official_weighted_f1_at_fixed_rate,0.8784471488710295,0.8780227324913893,-0.0004244163796401912,False
20260833,2_weighted_f1_primary,tree80_nn20,legacy_dead_class_f1_at_fixed_rate,0.9287562189054727,0.9285074626865671,-0.00024875621890552146,False
20260834,2_weighted_f1_primary,nn,brier,0.0887040906736291,0.0886244586945368,-7.963197909229003e-05,True
20260834,2_weighted_f1_primary,nn,log_loss,0.29080007902889177,0.2935460410941768,0.002745962065285046,False
20260834,2_weighted_f1_primary,nn,roc_auc,0.8871457890385069,0.8854536713028585,-0.0016921177356484796,False
20260834,2_weighted_f1_primary,nn,ece,0.010363715355556144,0.0027301299869004385,-0.007633585368655706,True
20260834,2_weighted_f1_primary,nn,rms_calibration_error,0.015561674312097108,0.0031478339157629226,-0.012413840396334185,True
20260834,2_weighted_f1_primary,nn,max_calibration_error,0.0425896578406294,0.00586521506483606,-0.03672444277579334,True
20260834,2_weighted_f1_primary,nn,official_weighted_f1_at_fixed_rate,0.8703832376578645,0.8695344048985839,-0.0008488327592806044,False
20260834,2_weighted_f1_primary,nn,legacy_dead_class_f1_at_fixed_rate,0.9240298507462686,0.9235323383084577,-0.0004975124378109319,False
20260834,2_weighted_f1_primary,tree80_nn20,brier,0.08356501175945844,0.08358334256879774,1.833080933930087e-05,False
20260834,2_weighted_f1_primary,tree80_nn20,log_loss,0.2736682716498942,0.27377024763371005,0.0001019759838158385,False
20260834,2_weighted_f1_primary,tree80_nn20,roc_auc,0.9014938676273723,0.9013535637648633,-0.00014030386250896143,False
20260834,2_weighted_f1_primary,tree80_nn20,ece,0.0033812520342106083,0.004142899934923732,0.0007616479007131242,False
20260834,2_weighted_f1_primary,tree80_nn20,rms_calibration_error,0.004160093401253449,0.005017084353108664,0.0008569909518552146,False
20260834,2_weighted_f1_primary,tree80_nn20,max_calibration_error,0.010110747295069722,0.010025499834652563,-8.524746041715936e-05,True
20260834,2_weighted_f1_primary,tree80_nn20,official_weighted_f1_at_fixed_rate,0.8784471488710295,0.8780227324913893,-0.0004244163796401912,False
20260834,2_weighted_f1_primary,tree80_nn20,legacy_dead_class_f1_at_fixed_rate,0.9287562189054727,0.9285074626865671,-0.00024875621890552146,False
20260835,2_weighted_f1_primary,nn,brier,0.0887040906736291,0.08868755251774438,-1.6538155884718297e-05,True
20260835,2_weighted_f1_primary,nn,log_loss,0.29080007902889177,0.29381391796367995,0.003013838934788182,False
20260835,2_weighted_f1_primary,nn,roc_auc,0.8871457890385069,0.8853956081679659,-0.0017501808705410182,False
20260835,2_weighted_f1_primary,nn,ece,0.010363715355556144,0.0024156095309556896,-0.007948105824600454,True
20260835,2_weighted_f1_primary,nn,rms_calibration_error,0.015561674312097108,0.0029616234066548687,-0.01260005090544224,True
20260835,2_weighted_f1_primary,nn,max_calibration_error,0.0425896578406294,0.005449234502546085,-0.03714042333808332,True
20260835,2_weighted_f1_primary,nn,official_weighted_f1_at_fixed_rate,0.8703832376578645,0.8693646383467278,-0.001018599311136681,False
20260835,2_weighted_f1_primary,nn,legacy_dead_class_f1_at_fixed_rate,0.9240298507462686,0.9234328358208955,-0.0005970149253731183,False
20260835,2_weighted_f1_primary,tree80_nn20,brier,0.08356501175945844,0.08359543989120151,3.0428131743073794e-05,False
20260835,2_weighted_f1_primary,tree80_nn20,log_loss,0.2736682716498942,0.2738013614492397,0.00013308979934550935,False
20260835,2_weighted_f1_primary,tree80_nn20,roc_auc,0.9014938676273723,0.901316909796047,-0.0001769578313253195,False
20260835,2_weighted_f1_primary,tree80_nn20,ece,0.0033812520342106083,0.004305844268588402,0.0009245922343777938,False
20260835,2_weighted_f1_primary,tree80_nn20,rms_calibration_error,0.004160093401253449,0.005040775367206574,0.0008806819659531251,False
20260835,2_weighted_f1_primary,tree80_nn20,max_calibration_error,0.010110747295069722,0.011162455698007584,0.001051708402937862,False
20260835,2_weighted_f1_primary,tree80_nn20,official_weighted_f1_at_fixed_rate,0.8784471488710295,0.8780227324913893,-0.0004244163796401912,False
20260835,2_weighted_f1_primary,tree80_nn20,legacy_dead_class_f1_at_fixed_rate,0.9287562189054727,0.9285074626865671,-0.00024875621890552146,False
20260836,2_weighted_f1_primary,nn,brier,0.0887040906736291,0.08863185544292564,-7.223523070346016e-05,True
20260836,2_weighted_f1_primary,nn,log_loss,0.29080007902889177,0.2934371215251451,0.00263704249625335,False
20260836,2_weighted_f1_primary,nn,roc_auc,0.8871457890385069,0.8856433146802896,-0.001502474358217376,False
20260836,2_weighted_f1_primary,nn,ece,0.010363715355556144,0.003021430564604425,-0.007342284790951719,True
20260836,2_weighted_f1_primary,nn,rms_calibration_error,0.015561674312097108,0.003355322147384748,-0.01220635216471236,True
20260836,2_weighted_f1_primary,nn,max_calibration_error,0.0425896578406294,0.005050357291808583,-0.03753930054882082,True
20260836,2_weighted_f1_primary,nn,official_weighted_f1_at_fixed_rate,0.8703832376578645,0.8697890547263682,-0.0005941829314962677,False
20260836,2_weighted_f1_primary,nn,legacy_dead_class_f1_at_fixed_rate,0.9240298507462686,0.923681592039801,-0.0003482587064675968,False
20260836,2_weighted_f1_primary,tree80_nn20,brier,0.08356501175945844,0.0835840033274162,1.8991567957760136e-05,False
20260836,2_weighted_f1_primary,tree80_nn20,log_loss,0.2736682716498942,0.27376580013113905,9.752848124483515e-05,False
20260836,2_weighted_f1_primary,tree80_nn20,roc_auc,0.9014938676273723,0.9013675043310496,-0.0001263632963226513,False
20260836,2_weighted_f1_primary,tree80_nn20,ece,0.0033812520342106083,0.004156454235320059,0.0007752022011094507,False
20260836,2_weighted_f1_primary,tree80_nn20,rms_calibration_error,0.004160093401253449,0.0048587701278892505,0.0006986767266358015,False
20260836,2_weighted_f1_primary,tree80_nn20,max_calibration_error,0.010110747295069722,0.009671859637486263,-0.0004388876575834588,True
20260836,2_weighted_f1_primary,tree80_nn20,official_weighted_f1_at_fixed_rate,0.8784471488710295,0.8782773823191733,-0.0001697665518561875,False
20260836,2_weighted_f1_primary,tree80_nn20,legacy_dead_class_f1_at_fixed_rate,0.9287562189054727,0.9286567164179105,-9.950248756218638e-05,False
20260837,2_weighted_f1_primary,nn,brier,0.0887040906736291,0.0886157475445242,-8.834312910489805e-05,True
20260837,2_weighted_f1_primary,nn,log_loss,0.29080007902889177,0.2947447670325398,0.003944688003648056,False
20260837,2_weighted_f1_primary,nn,roc_auc,0.8871457890385069,0.8855656018682574,-0.0015801871702495474,False
20260837,2_weighted_f1_primary,nn,ece,0.010363715355556144,0.002365803006380076,-0.00799791234917607,True
20260837,2_weighted_f1_primary,nn,rms_calibration_error,0.015561674312097108,0.002755558703678049,-0.012806115608419058,True
20260837,2_weighted_f1_primary,nn,max_calibration_error,0.0425896578406294,0.005398310022667552,-0.03719134781796185,True
20260837,2_weighted_f1_primary,nn,official_weighted_f1_at_fixed_rate,0.8703832376578645,0.8691099885189436,-0.0012732491389209066,False
20260837,2_weighted_f1_primary,nn,legacy_dead_class_f1_at_fixed_rate,0.9240298507462686,0.9232835820895522,-0.0007462686567164534,False
20260837,2_weighted_f1_primary,tree80_nn20,brier,0.08356501175945844,0.08358339686076104,1.838510130260096e-05,False
20260837,2_weighted_f1_primary,tree80_nn20,log_loss,0.2736682716498942,0.2737663522655973,9.80806157031e-05,False
20260837,2_weighted_f1_primary,tree80_nn20,roc_auc,0.9014938676273723,0.901339143338058,-0.00015472428931428972,False
20260837,2_weighted_f1_primary,tree80_nn20,ece,0.0033812520342106083,0.004318232316378232,0.0009369802821676235,False
20260837,2_weighted_f1_primary,tree80_nn20,rms_calibration_error,0.004160093401253449,0.004971738170203805,0.0008116447689503559,False
20260837,2_weighted_f1_primary,tree80_nn20,max_calibration_error,0.010110747295069722,0.010742349108731925,0.0006316018136622026,False
20260837,2_weighted_f1_primary,tree80_nn20,official_weighted_f1_at_fixed_rate,0.8784471488710295,0.8779378492154614,-0.0005092996555681184,False
20260837,2_weighted_f1_primary,tree80_nn20,legacy_dead_class_f1_at_fixed_rate,0.9287562189054727,0.9284577114427861,-0.00029850746268655914,False
20260838,2_weighted_f1_primary,nn,brier,0.0887040906736291,0.0885278833621029,-0.0001762073115261914,True
20260838,2_weighted_f1_primary,nn,log_loss,0.29080007902889177,0.2944749197809442,0.003674840752052433,False
20260838,2_weighted_f1_primary,nn,roc_auc,0.8871457890385069,0.8857285453086857,-0.001417243729821216,False
20260838,2_weighted_f1_primary,nn,ece,0.010363715355556144,0.0018341508657505894,-0.008529564489805555,True
20260838,2_weighted_f1_primary,nn,rms_calibration_error,0.015561674312097108,0.0025160903284498323,-0.013045583983647276,True
20260838,2_weighted_f1_primary,nn,max_calibration_error,0.0425896578406294,0.006630902444424103,-0.0359587553962053,True
20260838,2_weighted_f1_primary,nn,official_weighted_f1_at_fixed_rate,0.8703832376578645,0.8697890547263682,-0.0005941829314962677,False
20260838,2_weighted_f1_primary,nn,legacy_dead_class_f1_at_fixed_rate,0.9240298507462686,0.923681592039801,-0.0003482587064675968,False
20260838,2_weighted_f1_primary,tree80_nn20,brier,0.08356501175945844,0.08356788906482694,2.8773053685066108e-06,False
20260838,2_weighted_f1_primary,tree80_nn20,log_loss,0.2736682716498942,0.2737115119495173,4.324029962310405e-05,False
20260838,2_weighted_f1_primary,tree80_nn20,roc_auc,0.9014938676273723,0.9013832166902906,-0.00011065093708162443,False
20260838,2_weighted_f1_primary,tree80_nn20,ece,0.0033812520342106083,0.004140934195815393,0.0007596821616047849,False
20260838,2_weighted_f1_primary,tree80_nn20,rms_calibration_error,0.004160093401253449,0.004933094182627576,0.0007730007813741271,False
20260838,2_weighted_f1_primary,tree80_nn20,max_calibration_error,0.010110747295069722,0.010795864388705834,0.0006851170936361117,False
20260838,2_weighted_f1_primary,tree80_nn20,official_weighted_f1_at_fixed_rate,0.8784471488710295,0.8778529659395331,-0.0005941829314963787,False
20260838,2_weighted_f1_primary,tree80_nn20,legacy_dead_class_f1_at_fixed_rate,0.9287562189054727,0.928407960199005,-0.00034825870646770785,False
20260839,2_weighted_f1_primary,nn,brier,0.0887040906736291,0.0886882029124694,-1.5887761159696923e-05,True
20260839,2_weighted_f1_primary,nn,log_loss,0.29080007902889177,0.2936285973794833,0.002828518350591558,False
20260839,2_weighted_f1_primary,nn,roc_auc,0.8871457890385069,0.8855104302011969,-0.0016353588373100303,False
20260839,2_weighted_f1_primary,nn,ece,0.010363715355556144,0.002602316874765655,-0.00776139848079049,True
20260839,2_weighted_f1_primary,nn,rms_calibration_error,0.015561674312097108,0.0029947466721635956,-0.012566927639933513,True
20260839,2_weighted_f1_primary,nn,max_calibration_error,0.0425896578406294,0.005861768915240484,-0.03672788892538892,True
20260839,2_weighted_f1_primary,nn,official_weighted_f1_at_fixed_rate,0.8703832376578645,0.8699588212782243,-0.0004244163796401912,False
20260839,2_weighted_f1_primary,nn,legacy_dead_class_f1_at_fixed_rate,0.9240298507462686,0.9237810945273632,-0.00024875621890541044,False
20260839,2_weighted_f1_primary,tree80_nn20,brier,0.08356501175945844,0.08359199728442902,2.6985524970588037e-05,False
20260839,2_weighted_f1_primary,tree80_nn20,log_loss,0.2736682716498942,0.2737871845548536,0.00011891290495941176,False
20260839,2_weighted_f1_primary,tree80_nn20,roc_auc,0.9014938676273723,0.9013212654539726,-0.00017260217339964967,False
20260839,2_weighted_f1_primary,tree80_nn20,ece,0.0033812520342106083,0.004391904691523355,0.001010652657312747,False
20260839,2_weighted_f1_primary,tree80_nn20,rms_calibration_error,0.004160093401253449,0.004995819880911672,0.000835726479658223,False
20260839,2_weighted_f1_primary,tree80_nn20,max_calibration_error,0.010110747295069722,0.010419779690408443,0.00030903239533872084,False
20260839,2_weighted_f1_primary,tree80_nn20,official_weighted_f1_at_fixed_rate,0.8784471488710295,0.8781076157673172,-0.00033953310371226397,False
20260839,2_weighted_f1_primary,tree80_nn20,legacy_dead_class_f1_at_fixed_rate,0.9287562189054727,0.9285572139303483,-0.00019900497512437276,False
20260840,2_weighted_f1_primary,nn,brier,0.0887040906736291,0.08863933311217757,-6.475756145152278e-05,True
20260840,2_weighted_f1_primary,nn,log_loss,0.29080007902889177,0.29353432471094615,0.0027342456820543815,False
20260840,2_weighted_f1_primary,nn,roc_auc,0.8871457890385069,0.8854722259134578,-0.0016735631250491823,False
20260840,2_weighted_f1_primary,nn,ece,0.010363715355556144,0.0037836400402329997,-0.006580075315323145,True
20260840,2_weighted_f1_primary,nn,rms_calibration_error,0.015561674312097108,0.004692154741214099,-0.010869519570883009,True
20260840,2_weighted_f1_primary,nn,max_calibration_error,0.0425896578406294,0.011183544023336656,-0.03140611381729275,True
20260840,2_weighted_f1_primary,nn,official_weighted_f1_at_fixed_rate,0.8703832376578645,0.8699588212782243,-0.0004244163796401912,False
20260840,2_weighted_f1_primary,nn,legacy_dead_class_f1_at_fixed_rate,0.9240298507462686,0.9237810945273632,-0.00024875621890541044,False
20260840,2_weighted_f1_primary,tree80_nn20,brier,0.08356501175945844,0.0835876443608144,2.263260135595968e-05,False
20260840,2_weighted_f1_primary,tree80_nn20,log_loss,0.2736682716498942,0.27376474849158255,9.647684168834214e-05,False
20260840,2_weighted_f1_primary,tree80_nn20,roc_auc,0.9014938676273723,0.901357402649815,-0.00013646497755726017,False
20260840,2_weighted_f1_primary,tree80_nn20,ece,0.0033812520342106083,0.00447527981856094,0.0010940277843503317,False
20260840,2_weighted_f1_primary,tree80_nn20,rms_calibration_error,0.004160093401253449,0.005083912175988827,0.0009238187747353781,False
20260840,2_weighted_f1_primary,tree80_nn20,max_calibration_error,0.010110747295069722,0.009925963914390823,-0.000184783380678899,True
20260840,2_weighted_f1_primary,tree80_nn20,official_weighted_f1_at_fixed_rate,0.8784471488710295,0.8778529659395331,-0.0005941829314963787,False
20260840,2_weighted_f1_primary,tree80_nn20,legacy_dead_class_f1_at_fixed_rate,0.9287562189054727,0.928407960199005,-0.00034825870646770785,False
20260841,2_weighted_f1_primary,nn,brier,0.0887040906736291,0.08863480998832059,-6.928068530850928e-05,True
20260841,2_weighted_f1_primary,nn,log_loss,0.29080007902889177,0.2945951214264811,0.003795042397589321,False
20260841,2_weighted_f1_primary,nn,roc_auc,0.8871457890385069,0.8856337912926215,-0.0015119977458853961,False
20260841,2_weighted_f1_primary,nn,ece,0.010363715355556144,0.002614646487685579,-0.007749068867870565,True
20260841,2_weighted_f1_primary,nn,rms_calibration_error,0.015561674312097108,0.003634356415303197,-0.011927317896793911,True
20260841,2_weighted_f1_primary,nn,max_calibration_error,0.0425896578406294,0.008865849771541923,-0.03372380806908748,True
20260841,2_weighted_f1_primary,nn,official_weighted_f1_at_fixed_rate,0.8703832376578645,0.8701285878300805,-0.0002546498277840037,False
20260841,2_weighted_f1_primary,nn,legacy_dead_class_f1_at_fixed_rate,0.9240298507462686,0.9238805970149254,-0.00014925373134322406,False
20260841,2_weighted_f1_primary,tree80_nn20,brier,0.08356501175945844,0.0835860727156004,2.1060956141960574e-05,False
20260841,2_weighted_f1_primary,tree80_nn20,log_loss,0.2736682716498942,0.27376434923997844,9.607759008423145e-05,False
20260841,2_weighted_f1_primary,tree80_nn20,roc_auc,0.9014938676273723,0.901339167946295,-0.00015469968107728604,False
20260841,2_weighted_f1_primary,tree80_nn20,ece,0.0033812520342106083,0.004067095393828313,0.0006858433596177043,False
20260841,2_weighted_f1_primary,tree80_nn20,rms_calibration_error,0.004160093401253449,0.00485501445020166,0.0006949210489482112,False
20260841,2_weighted_f1_primary,tree80_nn20,max_calibration_error,0.010110747295069722,0.010520042950163733,0.0004092956550940108,False
20260841,2_weighted_f1_primary,tree80_nn20,official_weighted_f1_at_fixed_rate,0.8784471488710295,0.8777680826636052,-0.0006790662074243059,False
20260841,2_weighted_f1_primary,tree80_nn20,legacy_dead_class_f1_at_fixed_rate,0.9287562189054727,0.9283582089552239,-0.0003980099502487455,False
20260842,2_weighted_f1_primary,nn,brier,0.0887040906736291,0.08861642532882395,-8.766534480514343e-05,True
20260842,2_weighted_f1_primary,nn,log_loss,0.29080007902889177,0.2934922880092046,0.00269220898031286,False
20260842,2_weighted_f1_primary,nn,roc_auc,0.8871457890385069,0.8856240218225844,-0.0015217672159225648,False
20260842,2_weighted_f1_primary,nn,ece,0.010363715355556144,0.0026471159264836756,-0.007716599429072469,True
20260842,2_weighted_f1_primary,nn,rms_calibration_error,0.015561674312097108,0.0033097513501497058,-0.012251922961947402,True
20260842,2_weighted_f1_primary,nn,max_calibration_error,0.0425896578406294,0.006478255247826525,-0.03611140259280288,True
20260842,2_weighted_f1_primary,nn,official_weighted_f1_at_fixed_rate,0.8703832376578645,0.8703832376578645,0.0,False
20260842,2_weighted_f1_primary,nn,legacy_dead_class_f1_at_fixed_rate,0.9240298507462686,0.9240298507462686,0.0,False
20260842,2_weighted_f1_primary,tree80_nn20,brier,0.08356501175945844,0.08358251236499671,1.7500605538275926e-05,False
20260842,2_weighted_f1_primary,tree80_nn20,log_loss,0.2736682716498942,0.27375856482001004,9.029317011582938e-05,False
20260842,2_weighted_f1_primary,tree80_nn20,roc_auc,0.9014938676273723,0.9013609831482794,-0.00013288447909287626,False
20260842,2_weighted_f1_primary,tree80_nn20,ece,0.0033812520342106083,0.004394620302387048,0.0010133682681764396,False
20260842,2_weighted_f1_primary,tree80_nn20,rms_calibration_error,0.004160093401253449,0.0050039684220224995,0.0008438750207690505,False
20260842,2_weighted_f1_primary,tree80_nn20,max_calibration_error,0.010110747295069722,0.010329780745750472,0.00021903345068075009,False
20260842,2_weighted_f1_primary,tree80_nn20,official_weighted_f1_at_fixed_rate,0.8784471488710295,0.8781076157673172,-0.00033953310371226397,False
20260842,2_weighted_f1_primary,tree80_nn20,legacy_dead_class_f1_at_fixed_rate,0.9287562189054727,0.9285572139303483,-0.00019900497512437276,False
20260843,2_weighted_f1_primary,nn,brier,0.0887040906736291,0.08858481348622986,-0.00011927718739923598,True
20260843,2_weighted_f1_primary,nn,log_loss,0.29080007902889177,0.29328760175533597,0.0024875227264442024,False
20260843,2_weighted_f1_primary,nn,roc_auc,0.8871457890385069,0.8855762572348216,-0.0015695318036853534,False
20260843,2_weighted_f1_primary,nn,ece,0.010363715355556144,0.0032143720719841284,-0.0071493432835720155,True
20260843,2_weighted_f1_primary,nn,rms_calibration_error,0.015561674312097108,0.003783229633382458,-0.01177844467871465,True
20260843,2_weighted_f1_primary,nn,max_calibration_error,0.0425896578406294,0.006301261200395203,-0.0362883966402342,True
20260843,2_weighted_f1_primary,nn,official_weighted_f1_at_fixed_rate,0.8703832376578645,0.8697890547263682,-0.0005941829314962677,False
20260843,2_weighted_f1_primary,nn,legacy_dead_class_f1_at_fixed_rate,0.9240298507462686,0.923681592039801,-0.0003482587064675968,False
20260843,2_weighted_f1_primary,tree80_nn20,brier,0.08356501175945844,0.08357558524893656,1.0573489478124531e-05,False
20260843,2_weighted_f1_primary,tree80_nn20,log_loss,0.2736682716498942,0.2737337100778249,6.543842793066412e-05,False
20260843,2_weighted_f1_primary,tree80_nn20,roc_auc,0.9014938676273723,0.901377396842271,-0.00011647078510124143,False
20260843,2_weighted_f1_primary,tree80_nn20,ece,0.0033812520342106083,0.004473575748438224,0.001092323714227616,False
20260843,2_weighted_f1_primary,tree80_nn20,rms_calibration_error,0.004160093401253449,0.005209653791560471,0.0010495603903070217,False
20260843,2_weighted_f1_primary,tree80_nn20,max_calibration_error,0.010110747295069722,0.011271982977028083,0.0011612356819583614,False
20260843,2_weighted_f1_primary,tree80_nn20,official_weighted_f1_at_fixed_rate,0.8784471488710295,0.8779378492154614,-0.0005092996555681184,False
20260843,2_weighted_f1_primary,tree80_nn20,legacy_dead_class_f1_at_fixed_rate,0.9287562189054727,0.9284577114427861,-0.00029850746268655914,False
20260844,2_weighted_f1_primary,nn,brier,0.0887040906736291,0.08874605303427655,4.196236064744896e-05,False
20260844,2_weighted_f1_primary,nn,log_loss,0.29080007902889177,0.2938166196244553,0.003016540595563555,False
20260844,2_weighted_f1_primary,nn,roc_auc,0.8871457890385069,0.8854056729368455,-0.0017401161016614708,False
20260844,2_weighted_f1_primary,nn,ece,0.010363715355556144,0.002782348656680934,-0.00758136669887521,True
20260844,2_weighted_f1_primary,nn,rms_calibration_error,0.015561674312097108,0.003569864481102746,-0.011991809830994363,True
20260844,2_weighted_f1_primary,nn,max_calibration_error,0.0425896578406294,0.00782182222649802,-0.03476783561413138,True
20260844,2_weighted_f1_primary,nn,official_weighted_f1_at_fixed_rate,0.8703832376578645,0.8695344048985839,-0.0008488327592806044,False
20260844,2_weighted_f1_primary,nn,legacy_dead_class_f1_at_fixed_rate,0.9240298507462686,0.9235323383084577,-0.0004975124378109319,False
20260844,2_weighted_f1_primary,tree80_nn20,brier,0.08356501175945844,0.0836059756193436,4.096385988516804e-05,False
20260844,2_weighted_f1_primary,tree80_nn20,log_loss,0.2736682716498942,0.27380748303577773,0.00013921138588351978,False
20260844,2_weighted_f1_primary,tree80_nn20,roc_auc,0.9014938676273723,0.901328918615639,-0.00016494901173325083,False
20260844,2_weighted_f1_primary,tree80_nn20,ece,0.0033812520342106083,0.004306810942952541,0.0009255589087419328,False
20260844,2_weighted_f1_primary,tree80_nn20,rms_calibration_error,0.004160093401253449,0.004888577685096967,0.0007284842838435179,False
20260844,2_weighted_f1_primary,tree80_nn20,max_calibration_error,0.010110747295069722,0.010275043075038653,0.00016429577996893152,False
20260844,2_weighted_f1_primary,tree80_nn20,official_weighted_f1_at_fixed_rate,0.8784471488710295,0.877683199387677,-0.0007639494833524552,False
20260844,2_weighted_f1_primary,tree80_nn20,legacy_dead_class_f1_at_fixed_rate,0.9287562189054727,0.9283084577114428,-0.00044776119402989423,False
20260845,2_weighted_f1_primary,nn,brier,0.0887040906736291,0.0886605229277548,-4.356774587430112e-05,True
20260845,2_weighted_f1_primary,nn,log_loss,0.29080007902889177,0.29343510673758916,0.0026350277086973906,False
20260845,2_weighted_f1_primary,nn,roc_auc,0.8871457890385069,0.8857205476317033,-0.0014252414068036678,False
20260845,2_weighted_f1_primary,nn,ece,0.010363715355556144,0.001920386769274851,-0.008443328586281294,True
20260845,2_weighted_f1_primary,nn,rms_calibration_error,0.015561674312097108,0.0023433141453425956,-0.013218360166754511,True
20260845,2_weighted_f1_primary,nn,max_calibration_error,0.0425896578406294,0.004202934230108202,-0.0383867236105212,True
20260845,2_weighted_f1_primary,nn,official_weighted_f1_at_fixed_rate,0.8703832376578645,0.8696192881745121,-0.0007639494833524552,False
20260845,2_weighted_f1_primary,nn,legacy_dead_class_f1_at_fixed_rate,0.9240298507462686,0.9235820895522389,-0.0004477611940297832,False
20260845,2_weighted_f1_primary,tree80_nn20,brier,0.08356501175945844,0.08358894152727706,2.3929767818620107e-05,False
20260845,2_weighted_f1_primary,tree80_nn20,log_loss,0.2736682716498942,0.2737480429379179,7.977128802366673e-05,False
20260845,2_weighted_f1_primary,tree80_nn20,roc_auc,0.9014938676273723,0.9013886551106387,-0.00010521251673356602,False
20260845,2_weighted_f1_primary,tree80_nn20,ece,0.0033812520342106083,0.004474087908266339,0.0010928358740557305,False
20260845,2_weighted_f1_primary,tree80_nn20,rms_calibration_error,0.004160093401253449,0.005026022431748092,0.0008659290304946429,False
20260845,2_weighted_f1_primary,tree80_nn20,max_calibration_error,0.010110747295069722,0.01002046488733127,-9.02824077384512e-05,True
20260845,2_weighted_f1_primary,tree80_nn20,official_weighted_f1_at_fixed_rate,0.8784471488710295,0.8779378492154614,-0.0005092996555681184,False
20260845,2_weighted_f1_primary,tree80_nn20,legacy_dead_class_f1_at_fixed_rate,0.9287562189054727,0.9284577114427861,-0.00029850746268655914,False
20260846,2_weighted_f1_primary,nn,brier,0.0887040906736291,0.0886105588842936,-9.353178933549366e-05,True
20260846,2_weighted_f1_primary,nn,log_loss,0.29080007902889177,0.2936459230582133,0.0028458440293215315,False
20260846,2_weighted_f1_primary,nn,roc_auc,0.8871457890385069,0.8857604868001419,-0.0013853022383650826,False
20260846,2_weighted_f1_primary,nn,ece,0.010363715355556144,0.0020454467687788165,-0.008318268586777328,True
20260846,2_weighted_f1_primary,nn,rms_calibration_error,0.015561674312097108,0.0026629623143830856,-0.012898711997714023,True
20260846,2_weighted_f1_primary,nn,max_calibration_error,0.0425896578406294,0.004704182605077545,-0.03788547523555186,True
20260846,2_weighted_f1_primary,nn,official_weighted_f1_at_fixed_rate,0.8703832376578645,0.8697041714504401,-0.0006790662074244169,False
20260846,2_weighted_f1_primary,nn,legacy_dead_class_f1_at_fixed_rate,0.9240298507462686,0.9236318407960199,-0.0003980099502487455,False
20260846,2_weighted_f1_primary,tree80_nn20,brier,0.08356501175945844,0.08357732770259807,1.2315943139634689e-05,False
20260846,2_weighted_f1_primary,tree80_nn20,log_loss,0.2736682716498942,0.27376856669238797,0.00010029504249375876,False
20260846,2_weighted_f1_primary,tree80_nn20,roc_auc,0.9014938676273723,0.9013381097921096,-0.00015575783526267095,False
20260846,2_weighted_f1_primary,tree80_nn20,ece,0.0033812520342106083,0.004400737844420408,0.0010194858102097995,False
20260846,2_weighted_f1_primary,tree80_nn20,rms_calibration_error,0.004160093401253449,0.005040569465625439,0.0008804760643719902,False
20260846,2_weighted_f1_primary,tree80_nn20,max_calibration_error,0.010110747295069722,0.010004623771940196,-0.00010612352312952544,True
20260846,2_weighted_f1_primary,tree80_nn20,official_weighted_f1_at_fixed_rate,0.8784471488710295,0.8778529659395331,-0.0005941829314963787,False
20260846,2_weighted_f1_primary,tree80_nn20,legacy_dead_class_f1_at_fixed_rate,0.9287562189054727,0.928407960199005,-0.00034825870646770785,False
20260847,2_weighted_f1_primary,nn,brier,0.0887040906736291,0.08861782552945385,-8.626514417524322e-05,True
20260847,2_weighted_f1_primary,nn,log_loss,0.29080007902889177,0.29332569425201566,0.0025256152231238893,False
20260847,2_weighted_f1_primary,nn,roc_auc,0.8871457890385069,0.8856788612784471,-0.0014669277600598551,False
20260847,2_weighted_f1_primary,nn,ece,0.010363715355556144,0.002518998836924281,-0.007844716518631863,True
20260847,2_weighted_f1_primary,nn,rms_calibration_error,0.015561674312097108,0.0030658087057699006,-0.012495865606327207,True
20260847,2_weighted_f1_primary,nn,max_calibration_error,0.0425896578406294,0.007006615674542804,-0.0355830421660866,True
20260847,2_weighted_f1_primary,nn,official_weighted_f1_at_fixed_rate,0.8703832376578645,0.8689402219670875,-0.001443015690776983,False
20260847,2_weighted_f1_primary,nn,legacy_dead_class_f1_at_fixed_rate,0.9240298507462686,0.92318407960199,-0.0008457711442786398,False
20260847,2_weighted_f1_primary,tree80_nn20,brier,0.08356501175945844,0.08358244915790983,1.7437398451392028e-05,False
20260847,2_weighted_f1_primary,tree80_nn20,log_loss,0.2736682716498942,0.273749929729939,8.165808004478858e-05,False
20260847,2_weighted_f1_primary,tree80_nn20,roc_auc,0.9014938676273723,0.9013569843097882,-0.00013688331758410222,False
20260847,2_weighted_f1_primary,tree80_nn20,ece,0.0033812520342106083,0.004374874938372697,0.000993622904162089,False
20260847,2_weighted_f1_primary,tree80_nn20,rms_calibration_error,0.004160093401253449,0.005086468111874382,0.0009263747106209334,False
20260847,2_weighted_f1_primary,tree80_nn20,max_calibration_error,0.010110747295069722,0.011164985450229481,0.001054238155159759,False
20260847,2_weighted_f1_primary,tree80_nn20,official_weighted_f1_at_fixed_rate,0.8784471488710295,0.8781924990432454,-0.0002546498277841147,False
20260847,2_weighted_f1_primary,tree80_nn20,legacy_dead_class_f1_at_fixed_rate,0.9287562189054727,0.9286069651741293,-0.00014925373134333508,False
20260848,2_weighted_f1_primary,nn,brier,0.0887040906736291,0.08860388764656132,-0.00010020302706777173,True
20260848,2_weighted_f1_primary,nn,log_loss,0.29080007902889177,0.2944697477240475,0.0036696686951557256,False
20260848,2_weighted_f1_primary,nn,roc_auc,0.8871457890385069,0.885647448864084,-0.001498340174422963,False
20260848,2_weighted_f1_primary,nn,ece,0.010363715355556144,0.0028324332388083907,-0.007531282116747754,True
20260848,2_weighted_f1_primary,nn,rms_calibration_error,0.015561674312097108,0.003519602028113074,-0.012042072283984033,True
20260848,2_weighted_f1_primary,nn,max_calibration_error,0.0425896578406294,0.008808767286504982,-0.03378089055412442,True
20260848,2_weighted_f1_primary,nn,official_weighted_f1_at_fixed_rate,0.8703832376578645,0.8697890547263682,-0.0005941829314962677,False
20260848,2_weighted_f1_primary,nn,legacy_dead_class_f1_at_fixed_rate,0.9240298507462686,0.923681592039801,-0.0003482587064675968,False
20260848,2_weighted_f1_primary,tree80_nn20,brier,0.08356501175945844,0.08358047919870111,1.546743924267513e-05,False
20260848,2_weighted_f1_primary,tree80_nn20,log_loss,0.2736682716498942,0.27374130024849214,7.302859859792399e-05,False
20260848,2_weighted_f1_primary,tree80_nn20,roc_auc,0.9014938676273723,0.9013542527954957,-0.00013961483187652224,False
20260848,2_weighted_f1_primary,tree80_nn20,ece,0.0033812520342106083,0.0043015884922701034,0.0009203364580594952,False
20260848,2_weighted_f1_primary,tree80_nn20,rms_calibration_error,0.004160093401253449,0.0049178928644328535,0.0007577994631794045,False
20260848,2_weighted_f1_primary,tree80_nn20,max_calibration_error,0.010110747295069722,0.009931844333635031,-0.00017890296143469042,True
20260848,2_weighted_f1_primary,tree80_nn20,official_weighted_f1_at_fixed_rate,0.8784471488710295,0.8781076157673172,-0.00033953310371226397,False
20260848,2_weighted_f1_primary,tree80_nn20,legacy_dead_class_f1_at_fixed_rate,0.9287562189054727,0.9285572139303483,-0.00019900497512437276,False
