cluster_type,cluster,focal_rows,rest_same_cluster_rows,focal_dead_rate,rest_dead_rate,focal_predicted_dead_rate,rest_predicted_dead_rate,focal_weighted_f1,rest_weighted_f1,focal_false_positive,focal_false_negative,rest_false_positive,rest_false_negative,focal_alive_denominator,rest_alive_denominator,focal_false_positive_rate,rest_false_positive_rate,false_positive_rate_difference,fpr_fisher_p_value,focal_dead_denominator,rest_dead_denominator,focal_false_negative_rate,rest_false_negative_rate,false_negative_rate_difference,fnr_fisher_p_value,focal_error_rate,rest_error_rate,error_rate_difference,overall_error_fisher_p_value,overall_error_bh_q_value,fpr_bh_q_value,fnr_bh_q_value,descriptive_overall_error_flag,fpr_denominator_gate,fnr_denominator_gate,class_conditional_fpr_signal,class_conditional_fnr_signal,class_conditional_excess_error_signal
composite_stage_x_histology_code,EOD unavailable (all blank) | 8010,31,439,0.8709677419354839,0.9840546697038725,1.0,0.9977220956719818,0.8109010011123471,0.9812544183489121,4,0,6,0,4,7,1.0,0.8571428571428571,0.1428571428571429,1.0,27,432,0.0,0.0,0.0,1.0,0.12903225806451613,0.01366742596810934,0.11536483209640679,0.002476558830733991,0.04953117661467982,1.0,1.0,True,False,False,False,False,False
composite_stage_x_histology_family,EOD unavailable (all blank) | adenocarcinoma family,473,4852,0.8308668076109936,0.8876751854905194,0.8604651162790697,0.9080791426215994,0.8286316574473631,0.8891594774077987,46,32,307,208,80,545,0.575,0.563302752293578,0.011697247706421998,0.9041141078318422,393,4307,0.08142493638676845,0.04829347573717205,0.033131460649596406,0.007892235065590308,0.1649048625792812,0.10614179719703215,0.05876306538224904,0.00022262005522929193,0.0062333615464201745,1.0,0.10654517338546916,True,True,True,False,False,False
composite_stage_x_histology_code,EOD unavailable (all blank) | 8140,407,4095,0.8624078624078624,0.9177045177045177,0.9066339066339066,0.946031746031746,0.8509540488263894,0.9132563723555811,37,19,220,104,56,337,0.6607142857142857,0.6528189910979229,0.007895294616362847,1.0,351,3758,0.05413105413105413,0.027674294837679615,0.026456759293374515,0.012532211099563886,0.1375921375921376,0.07912087912087912,0.058471258471258475,0.0001613989064927085,0.00645595625970834,1.0,0.16291874429433054,True,True,True,False,False,False
composite_stage_x_histology_code,EOD unavailable (all blank) | 8255,16,178,0.5,0.6741573033707865,0.4375,0.6685393258426966,0.43529411764705883,0.7589539467683419,4,5,21,22,8,58,0.5,0.3620689655172414,0.13793103448275862,0.4650486255233094,8,120,0.625,0.18333333333333332,0.44166666666666665,0.010519960972130878,0.5625,0.24157303370786518,0.3209269662921348,0.01439786019350677,0.1439786019350677,1.0,0.16291874429433054,False,False,False,False,False,False
composite_stage_x_histology_family,M0 N0 T3-4 locally advanced | squamous family,8,221,0.625,0.746606334841629,0.875,0.7375565610859729,0.41666666666666663,0.8200403890202275,3,1,19,21,3,56,1.0,0.3392857142857143,0.6607142857142857,0.047371497123873396,5,165,0.2,0.12727272727272726,0.07272727272727275,0.50432965879998,0.5,0.18099547511312217,0.3190045248868778,0.04625843320396319,0.18534316840356505,0.42634347411486057,0.8510562992249663,False,False,False,False,False,False
composite_stage_x_histology_code,M0 N0 T3-4 locally advanced | 8140,8,148,0.75,0.6081081081081081,0.5,0.6081081081081081,0.5333333333333333,0.7702702702702703,1,3,17,17,2,58,0.5,0.29310344827586204,0.20689655172413796,0.5135593220338983,6,90,0.5,0.18888888888888888,0.3111111111111111,0.10265626245080754,0.5,0.22972972972972974,0.2702702702702703,0.0994714954958265,0.397885981983306,1.0,0.4869366337871189,False,False,False,False,False,False
composite_stage_x_histology_code,EOD unavailable (all blank) | 8240,15,128,0.5333333333333333,0.4453125,0.3333333333333333,0.390625,0.5206636500754148,0.7713485150222668,2,5,11,18,7,71,0.2857142857142857,0.15492957746478872,0.13078470824949698,0.33003725361331715,8,57,0.625,0.3157894736842105,0.3092105263157895,0.11927431537393023,0.4666666666666667,0.2265625,0.24010416666666667,0.05840999184248424,0.29204995921242116,1.0,0.4869366337871189,False,False,False,False,False,False
composite_stage_x_histology_family,M0 N1-3 node-positive | NOS/other epithelial family,9,133,0.6666666666666666,0.9097744360902256,0.7777777777777778,0.9398496240601504,0.6461538461538462,0.8850663243474539,2,1,9,5,3,12,0.6666666666666666,0.75,-0.08333333333333337,1.0,6,121,0.16666666666666666,0.04132231404958678,0.12534435261707988,0.2565213020709929,0.3333333333333333,0.10526315789473684,0.22807017543859648,0.07632613414545648,0.23745908400808682,1.0,0.577172929659734,False,False,False,False,False,False
composite_stage_x_histology_code,M0 N1-3 node-positive | 8010,5,41,0.4,0.8048780487804879,0.8,0.8536585365853658,0.5666666666666667,0.7938102070096331,2,0,5,3,3,8,0.6666666666666666,0.625,0.04166666666666663,1.0,2,33,0.0,0.09090909090909091,-0.09090909090909091,1.0,0.4,0.1951219512195122,0.20487804878048782,0.295247724974722,0.590495449949444,1.0,1.0,False,False,False,False,False,False
composite_stage_x_histology_code,EOD unavailable (all blank) | 8480,9,141,0.7777777777777778,0.8297872340425532,0.6666666666666666,0.8297872340425532,0.6871794871794872,0.8581560283687943,1,2,10,10,2,24,0.5,0.4166666666666667,0.08333333333333331,1.0,7,117,0.2857142857142857,0.08547008547008547,0.20024420024420023,0.1373411018373925,0.3333333333333333,0.14184397163120568,0.19148936170212763,0.14213419182721831,0.4637261279434867,1.0,0.4869366337871189,False,False,False,False,False,False
composite_stage_x_histology_family,M0 N0 T3-4 locally advanced | adenocarcinoma family,16,239,0.5625,0.5523012552301255,0.25,0.4811715481171548,0.5359311740890689,0.7537264907888119,1,6,21,38,7,107,0.14285714285714285,0.19626168224299065,-0.0534045393858478,1.0,9,132,0.6666666666666666,0.2878787878787879,0.37878787878787873,0.026447207336392276,0.4375,0.24686192468619247,0.19063807531380753,0.13559437704060212,0.29204942747206614,1.0,0.23802486602753048,False,False,False,False,False,False
composite_stage_x_histology_family,EOD unavailable (all blank) | large-cell family,14,112,0.8571428571428571,0.9464285714285714,0.9285714285714286,0.9821428571428571,0.7542857142857143,0.9556878306878307,2,1,4,0,2,6,1.0,0.6666666666666666,0.33333333333333337,1.0,12,106,0.08333333333333333,0.0,0.08333333333333333,0.10169491525423731,0.21428571428571427,0.03571428571428571,0.17857142857142855,0.029629673057463227,0.17934839541553096,1.0,0.375,False,False,False,False,False,False
composite_stage_x_histology_family,M0 N0 T0-2 localized | NOS/other epithelial family,5,229,0.8,0.6943231441048034,0.8,0.74235807860262,0.6,0.7715203711003275,1,1,31,20,1,70,1.0,0.44285714285714284,0.5571428571428572,0.4507042253521127,4,159,0.25,0.12578616352201258,0.12421383647798742,0.4272015747409185,0.4,0.22270742358078602,0.177292576419214,0.3172734322878134,0.46756084758204086,1.0,0.7689628345336533,False,False,False,False,False,False
composite_stage_x_histology_code,M1 distant/metastatic | 8246,9,62,0.8888888888888888,0.9516129032258065,0.8888888888888888,0.967741935483871,0.7777777777777778,0.9469775006776905,1,1,2,1,1,3,1.0,0.6666666666666666,0.33333333333333337,1.0,8,59,0.125,0.01694915254237288,0.10805084745762712,0.22614201718679333,0.2222222222222222,0.04838709677419355,0.17383512544802865,0.11738192640209698,0.4268433687348981,1.0,0.7314516921511639,False,False,False,False,False,False
composite_stage_x_histology_code,M0 N0 T0-2 localized | 8070,16,436,0.6875,0.591743119266055,0.25,0.5619266055045872,0.5504901960784314,0.7374762884368041,0,7,51,64,5,178,0.0,0.28651685393258425,-0.28651685393258425,0.3241697087874287,11,258,0.6363636363636364,0.24806201550387597,0.3883016208597604,0.008990870459271036,0.4375,0.26376146788990823,0.17373853211009177,0.1507109915816332,0.4637261279434867,1.0,0.16291874429433054,False,False,False,False,False,False
composite_stage_x_histology_code,M0 N1-3 node-positive | 8551,13,65,0.38461538461538464,0.3076923076923077,0.15384615384615385,0.18461538461538463,0.5633314054366685,0.7664835164835164,1,4,3,11,8,45,0.125,0.06666666666666667,0.058333333333333334,0.49118073934944084,5,20,0.8,0.55,0.25,0.6146245059288538,0.38461538461538464,0.2153846153846154,0.16923076923076924,0.2859574589297992,0.590495449949444,1.0,1.0,False,False,False,False,False,False
composite_stage_x_histology_code,M0 N0 T3-4 locally advanced | 8070,6,184,0.6666666666666666,0.7554347826086957,1.0,0.7717391304347826,0.5333333333333333,0.829516291676226,2,0,17,14,2,45,1.0,0.37777777777777777,0.6222222222222222,0.15818686401480112,4,139,0.0,0.10071942446043165,-0.10071942446043165,1.0,0.3333333333333333,0.16847826086956522,0.1648550724637681,0.2793297216589489,0.590495449949444,1.0,1.0,False,False,False,False,False,False
composite_stage_x_histology_family,M0 N0 T0-2 localized | squamous family,23,569,0.6086956521739131,0.546572934973638,0.17391304347826086,0.4780316344463972,0.5220841959972394,0.7280519417668339,0,10,58,97,9,258,0.0,0.2248062015503876,-0.2248062015503876,0.21263067196761198,14,311,0.7142857142857143,0.31189710610932475,0.40238860817638955,0.0030055066646847346,0.43478260869565216,0.27240773286467485,0.16237487583097732,0.09903961015235317,0.25210082584235355,1.0,0.08114867994648783,False,False,False,False,False,False
composite_stage_x_histology_family,M0 N1-3 node-positive | squamous family,48,513,0.7083333333333334,0.7875243664717348,0.7708333333333334,0.8265107212475633,0.6753521126760563,0.8218681432513113,9,6,54,34,14,109,0.6428571428571429,0.4954128440366973,0.14744429882044563,0.39747368936873456,34,404,0.17647058823529413,0.08415841584158416,0.09231217239370997,0.11029096988993436,0.3125,0.17153996101364521,0.14096003898635479,0.029705102527382524,0.17934839541553096,1.0,0.375,False,False,True,False,False,False
composite_stage_x_histology_code,EOD unavailable (all blank) | 8230,5,30,0.6,0.7,0.8,0.5666666666666667,0.34285714285714286,0.5511961722488038,2,1,5,9,2,9,1.0,0.5555555555555556,0.4444444444444444,0.49090909090909096,3,21,0.3333333333333333,0.42857142857142855,-0.09523809523809523,1.0,0.6,0.4666666666666667,0.1333333333333333,0.6581483033095934,0.9402118618708476,1.0,1.0,False,False,False,False,False,False
composite_stage_x_histology_code,M0 N1-3 node-positive | 8070,41,449,0.7560975609756098,0.8062360801781737,0.7560975609756098,0.8507795100222717,0.7073170731707317,0.8220187983101985,6,6,48,28,10,87,0.6,0.5517241379310345,0.0482758620689655,1.0,31,362,0.1935483870967742,0.07734806629834254,0.11620032079843165,0.040055269040501454,0.2926829268292683,0.16926503340757237,0.1234178934216959,0.056587977434753474,0.29204995921242116,1.0,0.39053887314488916,False,False,True,False,False,False
composite_stage_x_histology_code,EOD unavailable (all blank) | 8560,5,94,1.0,0.9468085106382979,0.8,0.9468085106382979,0.888888888888889,0.9148936170212766,0,1,4,4,0,5,,0.8,,,5,89,0.2,0.0449438202247191,0.1550561797752809,0.24381723071705463,0.2,0.0851063829787234,0.11489361702127661,0.3855238242882611,0.7009524077968383,,0.7314516921511639,False,False,False,False,False,False
composite_stage_x_histology_family,EOD unavailable (all blank) | neuroendocrine family,37,259,0.7837837837837838,0.7027027027027027,0.6486486486486487,0.667953667953668,0.7742405478254536,0.8668826088682652,2,7,13,22,8,77,0.25,0.16883116883116883,0.08116883116883117,0.6263521376508057,29,182,0.2413793103448276,0.12087912087912088,0.12050018946570672,0.0876174118606231,0.24324324324324326,0.13513513513513514,0.10810810810810811,0.0887547816841605,0.24851338871564937,1.0,0.375,False,False,False,False,False,False
composite_stage_x_histology_code,EOD unavailable (all blank) | 8013,13,84,0.9230769230769231,0.9285714285714286,0.9230769230769231,0.9761904761904762,0.8461538461538461,0.9410714285714286,1,1,4,0,1,6,1.0,0.6666666666666666,0.33333333333333337,1.0,12,78,0.08333333333333333,0.0,0.08333333333333333,0.13333333333333333,0.15384615384615385,0.047619047619047616,0.10622710622710624,0.1825133163407783,0.5214666181165094,1.0,0.4869366337871189,False,False,False,False,False,False
composite_stage_x_histology_code,M1 distant/metastatic | 8013,6,44,1.0,0.9318181818181818,0.8333333333333334,1.0,0.9090909090909091,0.8989304812834225,0,1,3,0,0,3,,1.0,,,6,41,0.16666666666666666,0.0,0.16666666666666666,0.12765957446808512,0.16666666666666666,0.06818181818181818,0.09848484848484848,0.41054711246200615,0.7139949781947933,,0.4869366337871189,False,False,False,False,False,False
composite_stage_x_histology_code,EOD unavailable (all blank) | 8046,61,568,0.8688524590163934,0.9559859154929577,0.9672131147540983,1.0,0.8330210772833724,0.934474081210938,7,1,25,0,8,25,0.875,1.0,-0.125,0.2424242424242424,53,543,0.018867924528301886,0.0,0.018867924528301886,0.08892617449664429,0.13114754098360656,0.04401408450704225,0.08713345647656431,0.009727003147702605,0.1296933753027014,1.0,0.4869366337871189,False,False,True,False,False,False
composite_stage_x_histology_family,M0 N1-3 node-positive | adenocarcinoma family,60,680,0.5166666666666667,0.6411764705882353,0.4666666666666667,0.5882352941176471,0.6497082522923033,0.738687658854038,9,12,72,108,29,244,0.3103448275862069,0.29508196721311475,0.015262860373092157,0.8329297910812172,31,436,0.3870967741935484,0.24770642201834864,0.13939035217519974,0.09204315865709477,0.35,0.2647058823529412,0.0852941176470588,0.1729102393442727,0.3458204786885454,1.0,0.375,False,False,True,False,False,False
composite_stage_x_histology_family,M1 distant/metastatic | large-cell family,7,52,1.0,0.9423076923076923,0.8571428571428571,1.0,0.9230769230769231,0.9143183549124143,0,1,3,0,0,3,,1.0,,,7,49,0.14285714285714285,0.0,0.14285714285714285,0.125,0.14285714285714285,0.057692307692307696,0.08516483516483515,0.405164723614999,0.5672306130609985,,0.375,False,False,False,False,False,False
composite_stage_x_histology_family,EOD unavailable (all blank) | other histology,81,847,0.8395061728395061,0.9126328217237308,0.9259259259259259,0.9515938606847698,0.8138696910626735,0.9103743603119051,10,3,50,17,13,74,0.7692307692307693,0.6756756756756757,0.09355509355509362,0.7464555759166072,68,773,0.04411764705882353,0.02199223803363519,0.022125409025188343,0.21509791016230914,0.16049382716049382,0.07910271546635184,0.08139111169414198,0.020611741404904075,0.17934839541553096,1.0,0.5279675976711224,False,False,True,False,False,False
composite_stage_x_histology_family,M0 indeterminate T/N | squamous family,5,99,0.6,0.8585858585858586,0.8,0.9393939393939394,0.7809523809523808,0.8572693224378617,1,0,10,2,2,14,0.5,0.7142857142857143,-0.2142857142857143,1.0,3,85,0.0,0.023529411764705882,-0.023529411764705882,1.0,0.2,0.12121212121212122,0.0787878787878788,0.49431074746538045,0.6590809966205073,1.0,1.0,False,False,False,False,False,False
composite_stage_x_histology_code,M0 indeterminate T/N | 8000,11,508,0.9090909090909091,0.9763779527559056,1.0,0.9960629921259843,0.8658008658008658,0.9733828181656933,1,0,10,0,1,12,1.0,0.8333333333333334,0.16666666666666663,1.0,10,496,0.0,0.0,0.0,1.0,0.09090909090909091,0.01968503937007874,0.07122405153901218,0.21177622762201206,0.5294405690550301,1.0,1.0,False,False,False,False,False,False
composite_stage_x_histology_code,M0 indeterminate T/N | 8070,5,92,0.6,0.8586956521739131,0.8,0.9456521739130435,0.7809523809523808,0.8437227169547756,1,0,10,2,2,13,0.5,0.7692307692307693,-0.2692307692307693,0.4761904761904762,3,79,0.0,0.02531645569620253,-0.02531645569620253,1.0,0.2,0.13043478260869565,0.06956521739130436,0.5209632172187999,0.8682720286979998,1.0,1.0,False,False,False,False,False,False
composite_stage_x_histology_family,M0 indeterminate T/N | NOS/other epithelial family,13,560,0.9230769230769231,0.9732142857142857,1.0,0.9964285714285714,0.8861538461538461,0.9680464660932369,1,0,13,0,1,15,1.0,0.8666666666666667,0.1333333333333333,1.0,12,545,0.0,0.0,0.0,1.0,0.07692307692307693,0.023214285714285715,0.05370879120879121,0.27749536463913865,0.4316594561053268,1.0,1.0,False,False,False,False,False,False
composite_stage_x_histology_family,M0 N1-3 node-positive | neuroendocrine family,8,28,0.125,0.25,0.0,0.32142857142857145,0.8166666666666667,0.93125,0,1,2,0,7,21,0.0,0.09523809523809523,-0.09523809523809523,1.0,1,7,1.0,0.0,1.0,0.125,0.125,0.07142857142857142,0.053571428571428575,0.5411764705882351,0.6887700534759357,1.0,0.375,False,False,False,False,False,False
composite_stage_x_histology_family,M1 distant/metastatic | adenocarcinoma family,236,2548,0.7966101694915254,0.8583202511773941,0.9110169491525424,0.9132653061224489,0.7784029506044386,0.8473790437864898,36,9,246,106,48,361,0.75,0.6814404432132964,0.06855955678670356,0.4074571676081127,188,2187,0.047872340425531915,0.04846822130772748,-0.0005958808821955666,1.0,0.1906779661016949,0.13814756671899528,0.05253039938269963,0.032026499181344814,0.17934839541553096,1.0,1.0,False,True,True,False,False,False
composite_stage_x_histology_code,M1 distant/metastatic | 8140,228,2452,0.7982456140350878,0.8584828711256117,0.9078947368421053,0.91721044045677,0.7822778947906928,0.8472964174351586,34,9,240,96,46,347,0.7391304347826086,0.69164265129683,0.047487783485778645,0.6095060186595909,182,2105,0.04945054945054945,0.04560570071258908,0.0038448487379603713,0.7148488785148351,0.18859649122807018,0.1370309951060359,0.05156549612203429,0.036821109074093986,0.25403886929852293,1.0,1.0,False,True,True,False,False,False
composite_stage_x_histology_code,EOD unavailable (all blank) | 8070,135,1987,0.8740740740740741,0.945646703573226,0.9333333333333333,0.9889280322093609,0.8820419410583346,0.9242916667455567,11,3,100,14,17,108,0.6470588235294118,0.9259259259259259,-0.27886710239651413,0.0040394955264656095,118,1879,0.025423728813559324,0.007450771687067589,0.017972957126491735,0.07458157389960633,0.1037037037037037,0.05737292400603926,0.04633077969766444,0.03810583039477844,0.25403886929852293,0.14542183895276195,0.4869366337871189,False,False,True,False,False,False
composite_stage_x_histology_code,M1 distant/metastatic | 8551,7,29,0.7142857142857143,0.8620689655172413,1.0,0.8275862068965517,0.5952380952380952,0.769567597153804,2,0,3,4,2,4,1.0,0.75,0.25,1.0,5,25,0.0,0.16,-0.16,1.0,0.2857142857142857,0.2413793103448276,0.0443349753694581,1.0,1.0,1.0,1.0,False,False,False,False,False,False
composite_stage_x_histology_code,M1 distant/metastatic | 8000,19,351,0.9473684210526315,0.9914529914529915,1.0,0.9971509971509972,0.9217638691322904,0.9857713124188769,1,0,3,1,1,3,1.0,1.0,0.0,1.0,18,348,0.0,0.0028735632183908046,-0.0028735632183908046,1.0,0.05263157894736842,0.011396011396011397,0.04123556755135702,0.23283947450678702,0.547857587074793,1.0,1.0,False,False,False,False,False,False
composite_stage_x_histology_family,EOD unavailable (all blank) | NOS/other epithelial family,69,1576,0.9420289855072463,0.9809644670050761,1.0,0.9993654822335025,0.9139087172831495,0.9730775484317978,4,0,29,0,4,30,1.0,0.9666666666666667,0.033333333333333326,1.0,65,1546,0.0,0.0,0.0,1.0,0.057971014492753624,0.018401015228426396,0.03956999926432723,0.046335792100891254,0.18534316840356505,1.0,1.0,False,False,True,False,False,False
composite_stage_x_histology_family,EOD not applicable (88) | other histology,48,669,0.6666666666666666,0.7668161434977578,0.7708333333333334,0.7832585949177877,0.7579173376274825,0.8077025106444363,8,3,69,58,16,156,0.5,0.4423076923076923,0.05769230769230771,0.7930759640671476,32,513,0.09375,0.11306042884990253,-0.019310428849902528,1.0,0.22916666666666666,0.1898355754857997,0.039331091180866945,0.5688012092574053,0.6924536460524934,1.0,1.0,False,False,True,False,False,False
composite_stage_x_histology_code,M0 N1-3 node-positive | 8140,39,559,0.5641025641025641,0.6851520572450805,0.6153846153846154,0.6529516994633273,0.68938127090301,0.7314283010589441,7,5,67,85,17,176,0.4117647058823529,0.3806818181818182,0.031082887700534745,0.799341354187743,22,383,0.22727272727272727,0.22193211488250653,0.005340612390220739,1.0,0.3076923076923077,0.27191413237924866,0.035778175313059046,0.7104775597447113,0.9473034129929483,1.0,1.0,False,False,False,False,False,False
composite_stage_x_histology_family,EOD unavailable (all blank) | squamous family,145,2161,0.8689655172413793,0.9426191577973161,0.9241379310344827,0.982878297084683,0.8920601237842616,0.9213031763604226,11,3,111,24,19,124,0.5789473684210527,0.8951612903225806,-0.316213921901528,0.0015720747850940927,126,2037,0.023809523809523808,0.011782032400589101,0.012027491408934707,0.2054018882047423,0.09655172413793103,0.06247107820453494,0.034080645933396096,0.11474289640015936,0.26773342493370517,0.042446019197540506,0.5279675976711224,False,False,True,False,False,False
composite_stage_x_histology_family,EOD unavailable (all blank) | small-cell family,181,1180,0.9447513812154696,0.9745762711864406,1.0,1.0,0.91791185334003,0.962028078853568,10,0,30,0,10,30,1.0,1.0,0.0,1.0,171,1150,0.0,0.0,0.0,1.0,0.055248618784530384,0.025423728813559324,0.02982488997097106,0.05351071776581774,0.1872875121803621,1.0,1.0,False,False,True,False,False,False
composite_stage_x_histology_code,EOD not applicable (88) | 8046,43,588,0.6976744186046512,0.79421768707483,0.813953488372093,0.826530612244898,0.7738308203424483,0.8120890063355038,7,2,63,44,13,121,0.5384615384615384,0.5206611570247934,0.017800381436745005,1.0,30,467,0.06666666666666667,0.09421841541755889,-0.027551748750892224,1.0,0.20930232558139536,0.18197278911564627,0.027329536465749094,0.6831656162297577,0.9422974016962175,1.0,1.0,False,False,True,False,False,False
composite_stage_x_histology_code,EOD unavailable (all blank) | 8041,177,1155,0.9491525423728814,0.9748917748917749,1.0,1.0,0.9243920412675019,0.9624972718352814,9,0,29,0,9,29,1.0,1.0,0.0,1.0,168,1126,0.0,0.0,0.0,1.0,0.05084745762711865,0.025108225108225107,0.02573923251889354,0.08337118790935863,0.3705386129304828,1.0,1.0,False,False,True,False,False,False
composite_stage_x_histology_family,M1 distant/metastatic | neuroendocrine family,12,97,0.8333333333333334,0.7835051546391752,0.8333333333333334,0.8865979381443299,0.8333333333333334,0.8375731831487846,1,1,12,2,2,21,0.5,0.5714285714285714,-0.0714285714285714,1.0,10,76,0.1,0.02631578947368421,0.0736842105263158,0.3130740668360367,0.16666666666666666,0.14432989690721648,0.022336769759450176,0.688728027416398,0.7713753907063657,1.0,0.6037857003266422,False,False,False,False,False,False
composite_stage_x_histology_code,M1 distant/metastatic | 8041,83,859,0.9036144578313253,0.9278230500582072,0.963855421686747,0.980209545983702,0.8978553510228597,0.9126963301747545,6,1,52,7,8,62,0.75,0.8387096774193549,-0.08870967741935487,0.6178013840188898,75,797,0.013333333333333334,0.00878293601003764,0.0045503973232956935,0.5144717849039948,0.08433734939759036,0.06868451688009314,0.015652832517497217,0.6501842073713757,0.9402118618708476,1.0,1.0,False,False,True,False,False,False
composite_stage_x_histology_family,M1 distant/metastatic | small-cell family,85,875,0.9058823529411765,0.9268571428571428,0.9647058823529412,0.9794285714285714,0.9002253388490902,0.9102453396168083,6,1,54,8,8,64,0.75,0.84375,-0.09375,0.6127933234934521,77,811,0.012987012987012988,0.009864364981504316,0.003122648005508672,0.5596600447791071,0.08235294117647059,0.07085714285714285,0.011495798319327732,0.6601539070261687,0.7701795581971967,1.0,0.8888718358256407,False,False,True,False,False,False
composite_stage_x_histology_code,M1 distant/metastatic | 8070,45,560,0.9555555555555556,0.9357142857142857,0.9777777777777777,0.9660714285714286,0.9226053639846744,0.9201499908542162,2,1,28,11,2,36,1.0,0.7777777777777778,0.2222222222222222,1.0,43,524,0.023255813953488372,0.02099236641221374,0.002263447541274631,1.0,0.06666666666666667,0.06964285714285715,-0.0029761904761904795,1.0,1.0,1.0,1.0,False,False,True,False,False,False
composite_stage_x_histology_family,M1 distant/metastatic | NOS/other epithelial family,42,643,0.9761904761904762,0.9766718506998445,1.0,0.9891135303265941,0.9644291451520366,0.9670050307194233,1,0,13,5,1,15,1.0,0.8666666666666667,0.1333333333333333,1.0,41,628,0.0,0.007961783439490446,-0.007961783439490446,1.0,0.023809523809523808,0.027993779160186624,-0.004184255350662816,1.0,1.0,1.0,1.0,False,False,True,False,False,False
composite_stage_x_histology_family,M1 distant/metastatic | squamous family,46,613,0.9565217391304348,0.9265905383360522,0.9782608695652174,0.964110929853181,0.9242794333170493,0.9071382499747014,2,1,36,13,2,45,1.0,0.8,0.19999999999999996,1.0,44,568,0.022727272727272728,0.022887323943661973,-0.00016005121638924466,1.0,0.06521739130434782,0.0799347471451876,-0.014717355840839774,1.0,1.0,1.0,1.0,False,False,True,False,False,False
composite_stage_x_histology_code,EOD unavailable (all blank) | 8000,32,1114,1.0,0.9829443447037702,1.0,1.0,1.0,0.9744898664107093,0,0,19,0,0,19,,1.0,,,32,1095,0.0,0.0,0.0,1.0,0.0,0.017055655296229804,-0.017055655296229804,1.0,1.0,,1.0,False,False,True,False,False,False
composite_stage_x_histology_code,EOD unavailable (all blank) | 8246,19,110,0.9473684210526315,0.9636363636363636,0.9473684210526315,0.9727272727272728,1.0,0.9708432412657766,0,0,2,1,1,4,0.0,0.5,-0.5,1.0,18,106,0.0,0.009433962264150943,-0.009433962264150943,1.0,0.0,0.02727272727272727,-0.02727272727272727,1.0,1.0,1.0,1.0,False,False,False,False,False,False
composite_stage_x_histology_code,EOD unavailable (all blank) | 8550,19,233,0.5789473684210527,0.6566523605150214,0.3684210526315789,0.5879828326180258,0.6807017543859649,0.6543570976899377,1,5,33,49,8,80,0.125,0.4125,-0.2875,0.1446102048580026,11,153,0.45454545454545453,0.3202614379084967,0.13428401663695783,0.5072316661830545,0.3157894736842105,0.351931330472103,-0.0361418567878925,0.8085258411549958,0.9800313226121161,1.0,1.0,False,False,False,False,False,False
composite_stage_x_histology_code,M0 N0 T0-2 localized | 8551,29,312,0.13793103448275862,0.20512820512820512,0.0,0.05128205128205128,0.7982120051085568,0.7745852187028657,0,4,4,52,25,248,0.0,0.016129032258064516,-0.016129032258064516,1.0,4,64,1.0,0.8125,0.1875,1.0,0.13793103448275862,0.1794871794871795,-0.04155614500442087,0.7989258277779303,0.9800313226121161,1.0,1.0,False,False,False,False,False,False
composite_stage_x_histology_code,M0 N0 T0-2 localized | 8140,43,788,0.3953488372093023,0.4276649746192893,0.16279069767441862,0.3248730964467005,0.7377469367341836,0.7171574664712757,0,10,68,149,26,451,0.0,0.15077605321507762,-0.15077605321507762,0.03726860339700981,17,337,0.5882352941176471,0.4421364985163205,0.1460987956013266,0.31827972564430085,0.23255813953488372,0.2753807106598985,-0.04282257112501478,0.6022664331618565,0.93769089449975,0.6708348611461766,0.8866363785805523,False,False,False,False,False,False
composite_stage_x_histology_code,M1 distant/metastatic | 8010,22,285,1.0,0.9578947368421052,1.0,0.9824561403508771,1.0,0.9452835364658855,0,0,10,3,0,12,,0.8333333333333334,,,22,273,0.0,0.01098901098901099,-0.01098901098901099,1.0,0.0,0.0456140350877193,-0.0456140350877193,0.6094990814248374,0.93769089449975,,1.0,False,False,False,False,False,False
composite_stage_x_histology_family,M0 N1-3 node-positive | small-cell family,22,283,0.7727272727272727,0.8021201413427562,0.9090909090909091,0.872791519434629,0.8399438399438399,0.800158560072292,3,0,36,16,5,56,0.6,0.6428571428571429,-0.04285714285714293,1.0,17,227,0.0,0.07048458149779736,-0.07048458149779736,0.6112462620070982,0.13636363636363635,0.18374558303886926,-0.047381946675232905,0.7759756895594538,0.8356661272178734,1.0,0.9168693930106472,False,False,False,False,False,False
composite_stage_x_histology_code,M0 N1-3 node-positive | 8041,22,275,0.7727272727272727,0.8,0.9090909090909091,0.8763636363636363,0.8399438399438399,0.7968900046308708,3,0,36,15,5,55,0.6,0.6545454545454545,-0.054545454545454564,1.0,17,220,0.0,0.06818181818181818,-0.06818181818181818,0.6089263513926255,0.13636363636363635,0.18545454545454546,-0.0490909090909091,0.7757582333102071,0.9800313226121161,1.0,1.0,False,False,False,False,False,False
composite_stage_x_histology_family,M0 N0 T0-2 localized | adenocarcinoma family,87,1389,0.27586206896551724,0.3354931605471562,0.09195402298850575,0.21310295176385888,0.7804759592034969,0.7428546604910528,0,16,82,252,63,923,0.0,0.08884073672806067,-0.08884073672806067,0.007379021786040725,24,466,0.6666666666666666,0.5407725321888412,0.12589413447782538,0.29404052817447945,0.1839080459770115,0.24046076313894887,-0.05655271716193738,0.2453721663612673,0.404142391653852,0.09961679411154979,0.6037857003266422,False,True,False,False,False,False
composite_stage_x_histology_code,M0 N0 T0-2 localized | 8250,9,106,0.1111111111111111,0.1792452830188679,0.0,0.11320754716981132,0.8366013071895425,0.8039834153263636,0,1,6,13,8,87,0.0,0.06896551724137931,-0.06896551724137931,1.0,1,19,1.0,0.6842105263157895,0.3157894736842105,1.0,0.1111111111111111,0.1792452830188679,-0.06813417190775681,1.0,1.0,1.0,1.0,False,False,False,False,False,False
composite_stage_x_histology_code,EOD unavailable (all blank) | 8260,6,60,0.8333333333333334,0.7666666666666667,1.0,0.75,0.7575757575757575,0.7529367184539598,1,0,7,8,1,14,1.0,0.5,0.5,1.0,5,46,0.0,0.17391304347826086,-0.17391304347826086,0.5797127361582932,0.16666666666666666,0.25,-0.08333333333333334,1.0,1.0,1.0,1.0,False,False,False,False,False,False
composite_stage_x_histology_code,EOD unavailable (all blank) | 8071,6,99,0.8333333333333334,0.9292929292929293,0.8333333333333334,0.9393939393939394,1.0,0.9058401058401059,0,0,5,4,1,7,0.0,0.7142857142857143,-0.7142857142857143,0.375,5,92,0.0,0.043478260869565216,-0.043478260869565216,1.0,0.0,0.09090909090909091,-0.09090909090909091,1.0,1.0,1.0,1.0,False,False,False,False,False,False
composite_stage_x_histology_code,M0 N0 T0-2 localized | 8240,11,103,0.0,0.1650485436893204,0.0,0.05825242718446602,1.0,0.8004438016547989,0,0,3,14,11,86,0.0,0.03488372093023256,-0.03488372093023256,1.0,0,17,,0.8235294117647058,,,0.0,0.1650485436893204,-0.1650485436893204,0.36567696530041105,0.6965275529531639,1.0,,False,False,False,False,False,False
composite_stage_x_histology_family,M0 N0 T0-2 localized | neuroendocrine family,12,124,0.0,0.1935483870967742,0.0,0.08870967741935484,1.0,0.785729430345514,0,0,5,18,12,100,0.0,0.05,-0.05,1.0,0,24,,0.75,,,0.0,0.18548387096774194,-0.18548387096774194,0.21817188334843032,0.3818007958597531,1.0,,False,False,False,False,False,False
composite_stage_x_histology_code,M0 indeterminate T/N | 8140,9,165,0.6666666666666666,0.7333333333333333,0.6666666666666666,0.793939393939394,1.0,0.7721611721611721,0,0,23,13,3,44,0.0,0.5227272727272727,-0.5227272727272727,0.23404255319148937,6,121,0.0,0.10743801652892562,-0.10743801652892562,1.0,0.0,0.21818181818181817,-0.21818181818181817,0.20684209819591137,0.5294405690550301,1.0,1.0,False,False,False,False,False,False
composite_stage_x_histology_family,M0 indeterminate T/N | adenocarcinoma family,9,187,0.6666666666666666,0.7219251336898396,0.6666666666666666,0.7754010695187166,1.0,0.7674650130845374,0,0,26,16,3,52,0.0,0.5,-0.5,0.23838383838383836,6,135,0.0,0.11851851851851852,-0.11851851851851852,1.0,0.0,0.22459893048128343,-0.22459893048128343,0.20904741169390684,0.3818007958597531,1.0,1.0,False,False,False,False,False,False
