candidate,age_band,age_sort,rows,actual_dead_rate,predicted_dead_rate,weighted_f1,dead_class_f1,accuracy,dead_precision,dead_recall,true_positive,false_positive,true_negative,false_negative,false_positive_rate,false_negative_rate,error_rate,mean_probability,roc_auc,brier_score
frozen_tree_pre_pseudo_proxy,01-04 years,1,3,0.0,0.0,1.0,0.0,1.0,0.0,0.0,0,0,3,0,0.0,,0.0,0.20964927390522434,,0.059910494373247726
frozen_tree_pre_pseudo_proxy,05-09 years,5,1,0.0,0.0,1.0,0.0,1.0,0.0,0.0,0,0,1,0,0.0,,0.0,0.39459855539484223,,0.15570801991969638
frozen_tree_pre_pseudo_proxy,10-14 years,10,2,0.5,0.0,0.3333333333333333,0.0,0.5,0.0,0.0,0,0,1,1,0.0,1.0,0.5,0.12498154991391383,1.0,0.3381692338285632
frozen_tree_pre_pseudo_proxy,15-19 years,15,3,1.0,0.6666666666666666,0.8000000000000002,0.8,0.6666666666666666,1.0,0.6666666666666666,2,0,0,1,,0.3333333333333333,0.3333333333333333,0.6247619663917574,,0.1823041564763879
frozen_tree_pre_pseudo_proxy,20-24 years,20,10,0.4,0.5,0.7030303030303029,0.6666666666666666,0.7,0.6,0.75,3,2,4,1,0.3333333333333333,0.25,0.3,0.4873518528865704,0.7916666666666667,0.22718625414006
frozen_tree_pre_pseudo_proxy,25-29 years,25,17,0.5882352941176471,0.5882352941176471,0.8823529411764706,0.9,0.8823529411764706,0.9,0.9,9,1,6,1,0.14285714285714285,0.1,0.11764705882352941,0.5214599740899712,0.9142857142857143,0.11787797631689113
frozen_tree_pre_pseudo_proxy,30-34 years,30,27,0.5185185185185185,0.5555555555555556,0.8885823754789273,0.896551724137931,0.8888888888888888,0.8666666666666667,0.9285714285714286,13,2,11,1,0.15384615384615385,0.07142857142857142,0.1111111111111111,0.5564465876573271,0.9505494505494505,0.08896937924366562
frozen_tree_pre_pseudo_proxy,35-39 years,35,69,0.6376811594202898,0.7246376811594203,0.7296694979396182,0.8085106382978723,0.7391304347826086,0.76,0.8636363636363636,38,12,13,6,0.48,0.13636363636363635,0.2608695652173913,0.6763477437465256,0.7909090909090909,0.17169967596063615
frozen_tree_pre_pseudo_proxy,40-44 years,40,158,0.6962025316455697,0.6962025316455697,0.8481012658227848,0.8909090909090909,0.8481012658227848,0.8909090909090909,0.8909090909090909,98,12,36,12,0.25,0.10909090909090909,0.1518987341772152,0.6978806515296758,0.9310606060606061,0.09847928323396878
frozen_tree_pre_pseudo_proxy,45-49 years,45,341,0.7302052785923754,0.7419354838709677,0.8582343159132775,0.9043824701195219,0.8592375366568915,0.8972332015810277,0.9116465863453815,227,26,66,22,0.2826086956521739,0.08835341365461848,0.14076246334310852,0.7319259089943385,0.9109917932599966,0.1009098860381673
frozen_tree_pre_pseudo_proxy,50-54 years,50,789,0.7693282636248415,0.7984790874524715,0.853282224366225,0.9086499595796281,0.8567807351077313,0.8920634920634921,0.9258649093904449,562,68,114,45,0.37362637362637363,0.07413509060955518,0.1432192648922687,0.7793365912180602,0.8902275648568895,0.09831113166875649
frozen_tree_pre_pseudo_proxy,55-59 years,55,1821,0.7924217462932455,0.8204283360790774,0.8391905288853435,0.9029622063329928,0.8434925864909391,0.8875502008032129,0.918918918918919,1326,168,210,117,0.4444444444444444,0.08108108108108109,0.15650741350906094,0.8001696746170953,0.8673655340322006,0.1088417426608422
frozen_tree_pre_pseudo_proxy,60-64 years,60,2925,0.8027350427350427,0.8112820512820513,0.8562349373239863,0.9116712560898115,0.8574358974358974,0.9068689422671724,0.9165247018739353,2152,221,356,196,0.3830155979202773,0.08347529812606473,0.14256410256410257,0.8011511446252914,0.8875218114018641,0.0955690416281378
frozen_tree_pre_pseudo_proxy,65-69 years,65,3851,0.7987535705011686,0.8065437548688652,0.8508849772935406,0.9077968295050146,0.8519864970137626,0.9034127495170637,0.91222366710013,2806,300,475,270,0.3870967741935484,0.08777633289986995,0.14801350298623733,0.8006914047022161,0.8809530601115818,0.10082300881600642
frozen_tree_pre_pseudo_proxy,70-74 years,70,4233,0.8091188282541932,0.8237656508386487,0.8709380111883508,0.9221643518518519,0.8729033782187574,0.9139661600229424,0.9305109489051094,3187,300,508,238,0.3712871287128713,0.06948905109489051,0.12709662178124262,0.8104720375519068,0.8993665534436655,0.088408636336063
frozen_tree_pre_pseudo_proxy,75-79 years,75,4027,0.8348646635212317,0.8502607400049664,0.8814741223382005,0.9310344827586207,0.8837844549292277,0.9226051401869159,0.9396192742415229,3159,265,400,203,0.39849624060150374,0.0603807257584771,0.11621554507077228,0.8368666740763522,0.9028697561870173,0.08216494233911399
frozen_tree_pre_pseudo_proxy,80-84 years,80,2943,0.8827726809378186,0.8977234114848793,0.9076172901366842,0.9496183206106871,0.910295616717635,0.9417108251324754,0.9576597382602001,2488,154,191,110,0.4463768115942029,0.042340261739799843,0.08970438328236494,0.8815645809897157,0.9152514197096986,0.06352791444834764
frozen_tree_pre_pseudo_proxy,85-89 years,85,1823,0.9325287986834887,0.9550191991223258,0.9393865686329367,0.970648067422261,0.9445968184311574,0.9592188397472717,0.9823529411764705,1670,71,52,30,0.5772357723577236,0.01764705882352941,0.055403181568842566,0.9301725603445343,0.9181492109038738,0.041595212842607504
frozen_tree_pre_pseudo_proxy,90+ years,90,957,0.96760710553814,0.9801462904911181,0.964991187589974,0.9839055793991416,0.9686520376175548,0.9776119402985075,0.990280777537797,917,21,10,9,0.6774193548387096,0.009719222462203024,0.03134796238244514,0.9597882544176644,0.9213056503866787,0.0236360159313492
nested_pseudo90,01-04 years,1,3,0.0,0.0,1.0,0.0,1.0,0.0,0.0,0,0,3,0,0.0,,0.0,0.05808259811021904,,0.00449813170459431
nested_pseudo90,05-09 years,5,1,0.0,0.0,1.0,0.0,1.0,0.0,0.0,0,0,1,0,0.0,,0.0,0.2616208548842833,,0.06844547171038323
nested_pseudo90,10-14 years,10,2,0.5,0.0,0.3333333333333333,0.0,0.5,0.0,0.0,0,0,1,1,0.0,1.0,0.5,0.06005436295445767,1.0,0.39918680975448123
nested_pseudo90,15-19 years,15,3,1.0,0.3333333333333333,0.5,0.5,0.3333333333333333,1.0,0.3333333333333333,1,0,0,2,,0.6666666666666666,0.6666666666666666,0.6309640809232367,,0.18562630440418806
nested_pseudo90,20-24 years,20,10,0.4,0.5,0.7030303030303029,0.6666666666666666,0.7,0.6,0.75,3,2,4,1,0.3333333333333333,0.25,0.3,0.5056375516705847,0.75,0.25439778725122286
nested_pseudo90,25-29 years,25,17,0.5882352941176471,0.47058823529411764,0.7663398692810458,0.7777777777777778,0.7647058823529411,0.875,0.7,7,1,6,3,0.14285714285714285,0.3,0.23529411764705882,0.5279440787223807,0.9,0.12580477811237845
nested_pseudo90,30-34 years,30,27,0.5185185185185185,0.48148148148148145,0.8148148148148148,0.8148148148148148,0.8148148148148148,0.8461538461538461,0.7857142857142857,11,2,11,3,0.15384615384615385,0.21428571428571427,0.18518518518518517,0.5292219051209098,0.9175824175824175,0.10050950087554934
nested_pseudo90,35-39 years,35,69,0.6376811594202898,0.6811594202898551,0.7203884613690349,0.7912087912087912,0.7246376811594203,0.7659574468085106,0.8181818181818182,36,11,14,8,0.44,0.18181818181818182,0.2753623188405797,0.6851709818691767,0.7972727272727272,0.17615936432011048
nested_pseudo90,40-44 years,40,158,0.6962025316455697,0.7151898734177216,0.8658388982782392,0.905829596412556,0.8670886075949367,0.8938053097345132,0.9181818181818182,101,12,36,9,0.25,0.08181818181818182,0.13291139240506328,0.70573548515474,0.9147727272727273,0.10073885686202819
nested_pseudo90,45-49 years,45,341,0.7302052785923754,0.750733137829912,0.8306977444600666,0.8871287128712871,0.8328445747800587,0.875,0.8995983935742972,224,32,60,25,0.34782608695652173,0.10040160642570281,0.16715542521994134,0.7423694279389217,0.9002968395320412,0.11325097254526595
nested_pseudo90,50-54 years,50,789,0.7693282636248415,0.7959442332065906,0.8484323247009431,0.9052631578947369,0.8517110266159695,0.8901273885350318,0.9209225700164745,559,69,113,48,0.3791208791208791,0.07907742998352553,0.1482889733840304,0.7827661090219645,0.8829679381573944,0.10091773686568914
nested_pseudo90,55-59 years,55,1821,0.7924217462932455,0.8215266337177375,0.8344849407078724,0.9003062266076897,0.8390993959362988,0.8843582887700535,0.9168399168399168,1323,173,205,120,0.4576719576719577,0.08316008316008316,0.16090060406370127,0.8080146378759672,0.8536375203041869,0.11401164626646827
nested_pseudo90,60-64 years,60,2925,0.8027350427350427,0.8116239316239316,0.8565302397209181,0.9119017365523083,0.8577777777777778,0.9069081718618366,0.9169505962521295,2153,221,356,195,0.3830155979202773,0.08304940374787052,0.14222222222222222,0.8100715726714469,0.8819615646931347,0.09851285691640231
nested_pseudo90,65-69 years,65,3851,0.7987535705011686,0.8088808101791742,0.8481826777067698,0.906477144241641,0.8496494417034537,0.9008025682182985,0.91222366710013,2806,309,466,270,0.3987096774193548,0.08777633289986995,0.15035055829654634,0.8069224734511594,0.8775003146105121,0.10256136250981993
nested_pseudo90,70-74 years,70,4233,0.8091188282541932,0.8223482163949918,0.8711374631169515,0.9220967274833478,0.8729033782187574,0.9146796897443263,0.9296350364963504,3184,297,511,241,0.36757425742574257,0.07036496350364964,0.12709662178124262,0.816549770765681,0.8946299775962997,0.09134008745243276
nested_pseudo90,75-79 years,75,4027,0.8348646635212317,0.8512540352619816,0.8777647633058241,0.9290132547864507,0.8803079215296747,0.9200700116686115,0.9381320642474718,3154,274,391,208,0.4120300751879699,0.061867935752528254,0.1196920784703253,0.8447519962683536,0.9003068349040358,0.08323852425205731
nested_pseudo90,80-84 years,80,2943,0.8827726809378186,0.8970438328236493,0.9035549047791972,0.9473081328751431,0.9062181447502549,0.9397727272727273,0.9549653579676675,2481,159,186,117,0.4608695652173913,0.04503464203233257,0.09378185524974515,0.8898074955338434,0.9116499871696178,0.06495959321845664
nested_pseudo90,85-89 years,85,1823,0.9325287986834887,0.9522764673614921,0.9371747573072386,0.9691501746216531,0.9418540866703237,0.9591013824884793,0.9794117647058823,1665,71,52,35,0.5772357723577236,0.020588235294117647,0.058145913329676356,0.9384125734377687,0.9150310856049737,0.04256549803803056
nested_pseudo90,90+ years,90,957,0.96760710553814,0.9811912225705329,0.9634229864132531,0.9833780160857909,0.96760710553814,0.9765708200212992,0.990280777537797,917,22,9,9,0.7096774193548387,0.009719222462203024,0.03239289446185998,0.9691139455041262,0.9187277920992127,0.02463650811917163
nested_pseudo95_proxy,01-04 years,1,3,0.0,0.0,1.0,0.0,1.0,0.0,0.0,0,0,3,0,0.0,,0.0,0.06071808660777938,,0.004949451183139142
nested_pseudo95_proxy,05-09 years,5,1,0.0,0.0,1.0,0.0,1.0,0.0,0.0,0,0,1,0,0.0,,0.0,0.22275134370568161,,0.0496181611226867
nested_pseudo95_proxy,10-14 years,10,2,0.5,0.0,0.3333333333333333,0.0,0.5,0.0,0.0,0,0,1,1,0.0,1.0,0.5,0.06200257768077139,1.0,0.3980755144438129
nested_pseudo95_proxy,15-19 years,15,3,1.0,0.3333333333333333,0.5,0.5,0.3333333333333333,1.0,0.3333333333333333,1,0,0,2,,0.6666666666666666,0.6666666666666666,0.6200184376793569,,0.19631017114374913
nested_pseudo95_proxy,20-24 years,20,10,0.4,0.6,0.6,0.6,0.6,0.5,0.75,3,3,3,1,0.5,0.25,0.4,0.5115972538259796,0.75,0.25962601358963056
nested_pseudo95_proxy,25-29 years,25,17,0.5882352941176471,0.47058823529411764,0.7663398692810458,0.7777777777777778,0.7647058823529411,0.875,0.7,7,1,6,3,0.14285714285714285,0.3,0.23529411764705882,0.5319119816304262,0.8857142857142857,0.1288302488740939
nested_pseudo95_proxy,30-34 years,30,27,0.5185185185185185,0.48148148148148145,0.8148148148148148,0.8148148148148148,0.8148148148148148,0.8461538461538461,0.7857142857142857,11,2,11,3,0.15384615384615385,0.21428571428571427,0.18518518518518517,0.5297848998063611,0.9285714285714286,0.1051305172411031
nested_pseudo95_proxy,35-39 years,35,69,0.6376811594202898,0.6811594202898551,0.7203884613690349,0.7912087912087912,0.7246376811594203,0.7659574468085106,0.8181818181818182,36,11,14,8,0.44,0.18181818181818182,0.2753623188405797,0.6847663339061951,0.7890909090909091,0.17434310876148643
nested_pseudo95_proxy,40-44 years,40,158,0.6962025316455697,0.7215189873417721,0.8717961317713657,0.9107142857142857,0.8734177215189873,0.8947368421052632,0.9272727272727272,102,12,36,8,0.25,0.07272727272727272,0.12658227848101267,0.70572165051681,0.9172348484848485,0.09963795273738055
nested_pseudo95_proxy,45-49 years,45,341,0.7302052785923754,0.750733137829912,0.8366381744790116,0.8910891089108911,0.8387096774193549,0.87890625,0.9036144578313253,225,31,61,24,0.33695652173913043,0.0963855421686747,0.16129032258064516,0.7430305638961061,0.9024358302776322,0.11175802839657743
nested_pseudo95_proxy,50-54 years,50,789,0.7693282636248415,0.7946768060836502,0.8447199939578537,0.9027552674230146,0.8479087452471483,0.8883572567783095,0.9176276771004942,557,70,112,50,0.38461538461538464,0.08237232289950576,0.1520912547528517,0.7840476480545505,0.8836196752176981,0.1013055155732371
nested_pseudo95_proxy,55-59 years,55,1821,0.7924217462932455,0.8242723778143877,0.8334328171714123,0.9001358695652174,0.8385502471169687,0.882744836775483,0.9182259182259183,1325,176,202,118,0.4656084656084656,0.08177408177408177,0.1614497528830313,0.8082423362178771,0.8541251874585208,0.1136262563120147
nested_pseudo95_proxy,60-64 years,60,2925,0.8027350427350427,0.8112820512820513,0.8569244580082835,0.9120948951493327,0.8581196581196581,0.9072903497682259,0.9169505962521295,2153,220,357,195,0.38128249566724437,0.08304940374787052,0.14188034188034188,0.8102404730236005,0.8819549216265771,0.0984765372672018
nested_pseudo95_proxy,65-69 years,65,3851,0.7987535705011686,0.8065437548688652,0.847745713657615,0.9058557101261727,0.8488704232666839,0.901481004507405,0.9102730819245773,2800,306,469,276,0.39483870967741935,0.08972691807542263,0.15112957673331603,0.807002994454426,0.8773228742816394,0.10259714175419832
nested_pseudo95_proxy,70-74 years,70,4233,0.8091188282541932,0.8225844554689346,0.8689481168852947,0.9208049804546112,0.8707772265532719,0.913268236645606,0.9284671532846716,3180,302,506,245,0.37376237623762376,0.07153284671532846,0.12922277344672808,0.816562741594705,0.894804509648045,0.09113559864580974
nested_pseudo95_proxy,75-79 years,75,4027,0.8348646635212317,0.8532406257760119,0.8774334179455072,0.929096793174463,0.8803079215296747,0.919091967403958,0.9393218322427127,3158,278,387,204,0.4180451127819549,0.06067816775728733,0.1196920784703253,0.844831749963308,0.900172203262469,0.08323967383422737
nested_pseudo95_proxy,80-84 years,80,2943,0.8827726809378186,0.8950050968399592,0.9032636921072238,0.9468654434250765,0.9055385660890248,0.9403948367501899,0.9534257120862202,2477,157,188,121,0.45507246376811594,0.04657428791377983,0.0944614339109752,0.8891950972234243,0.9117515145429596,0.06513901958161195
nested_pseudo95_proxy,85-89 years,85,1823,0.9325287986834887,0.9539221064179924,0.9373033857460934,0.9694678685664437,0.9424026330224904,0.9585968947671075,0.9805882352941176,1667,72,51,33,0.5853658536585366,0.019411764705882354,0.0575973669775096,0.9385530569552585,0.9152271640363463,0.04254804911694378
nested_pseudo95_proxy,90+ years,90,957,0.96760710553814,0.9791013584117032,0.9642093853713535,0.9833601717659689,0.96760710553814,0.9775880469583778,0.9892008639308856,916,21,10,10,0.6774193548387096,0.01079913606911447,0.03239289446185998,0.9690646658811483,0.9198425416289279,0.024519059374317722
pseudo90_nn20_stress_screen,01-04 years,1,3,0.0,0.0,1.0,0.0,1.0,0.0,0.0,0,0,3,0,0.0,,0.0,0.1116783302308561,,0.013440700051886452
pseudo90_nn20_stress_screen,05-09 years,5,1,0.0,0.0,1.0,0.0,1.0,0.0,0.0,0,0,1,0,0.0,,0.0,0.2939168795346392,,0.0863871320753796
pseudo90_nn20_stress_screen,10-14 years,10,2,0.5,0.0,0.3333333333333333,0.0,0.5,0.0,0.0,0,0,1,1,0.0,1.0,0.5,0.10333700121781038,1.0,0.3550071442166238
pseudo90_nn20_stress_screen,15-19 years,15,3,1.0,0.3333333333333333,0.5,0.5,0.3333333333333333,1.0,0.3333333333333333,1,0,0,2,,0.6666666666666666,0.6666666666666666,0.645445208099236,,0.17661356374787815
pseudo90_nn20_stress_screen,20-24 years,20,10,0.4,0.6,0.6,0.6,0.6,0.5,0.75,3,3,3,1,0.5,0.25,0.4,0.5038766702552645,0.8333333333333333,0.2382684952141585
pseudo90_nn20_stress_screen,25-29 years,25,17,0.5882352941176471,0.5294117647058824,0.8247678018575851,0.8421052631578947,0.8235294117647058,0.8888888888888888,0.8,8,1,6,2,0.14285714285714285,0.2,0.17647058823529413,0.5330641424601248,0.9142857142857143,0.11816031218779978
pseudo90_nn20_stress_screen,30-34 years,30,27,0.5185185185185185,0.48148148148148145,0.8148148148148148,0.8148148148148148,0.8148148148148148,0.8461538461538461,0.7857142857142857,11,2,11,3,0.15384615384615385,0.21428571428571427,0.18518518518518517,0.5373747705045281,0.9395604395604396,0.09269494319225006
pseudo90_nn20_stress_screen,35-39 years,35,69,0.6376811594202898,0.6811594202898551,0.7203884613690349,0.7912087912087912,0.7246376811594203,0.7659574468085106,0.8181818181818182,36,11,14,8,0.44,0.18181818181818182,0.2753623188405797,0.6863532161838073,0.7972727272727272,0.1728049923831681
pseudo90_nn20_stress_screen,40-44 years,40,158,0.6962025316455697,0.7151898734177216,0.8658388982782392,0.905829596412556,0.8670886075949367,0.8938053097345132,0.9181818181818182,101,12,36,9,0.25,0.08181818181818182,0.13291139240506328,0.7043652633745882,0.915719696969697,0.09907264176644388
pseudo90_nn20_stress_screen,45-49 years,45,341,0.7302052785923754,0.750733137829912,0.8306977444600666,0.8871287128712871,0.8328445747800587,0.875,0.8995983935742972,224,32,60,25,0.34782608695652173,0.10040160642570281,0.16715542521994134,0.7413989833699954,0.9016937314475293,0.10974037634628209
pseudo90_nn20_stress_screen,50-54 years,50,789,0.7693282636248415,0.7946768060836502,0.8524839942599609,0.9076175040518638,0.8555133079847909,0.8931419457735247,0.9225700164744646,560,67,115,47,0.36813186813186816,0.07742998352553541,0.1444866920152091,0.7815039962756476,0.8874667342542136,0.09971564845943273
pseudo90_nn20_stress_screen,55-59 years,55,1821,0.7924217462932455,0.8215266337177375,0.8322253494547374,0.8989452194624021,0.8369028006589786,0.8830213903743316,0.9154539154539154,1321,175,203,122,0.46296296296296297,0.08454608454608455,0.1630971993410214,0.8047734688407455,0.8585545252211919,0.11241845673528615
pseudo90_nn20_stress_screen,60-64 years,60,2925,0.8027350427350427,0.8109401709401709,0.8593861691530809,0.9135593220338983,0.8605128205128205,0.9089376053962901,0.9182282793867121,2156,216,361,192,0.37435008665511266,0.0817717206132879,0.13948717948717948,0.8084767554728534,0.884546455702556,0.09734931611358237
pseudo90_nn20_stress_screen,65-69 years,65,3851,0.7987535705011686,0.8062840820566086,0.850661139942625,0.9076201261931727,0.8517268242015061,0.9033816425120773,0.9118985695708712,2805,300,475,271,0.3870967741935484,0.08810143042912874,0.1482731757984939,0.8042196638831611,0.8778530978648432,0.10194036509387516
pseudo90_nn20_stress_screen,70-74 years,70,4233,0.8091188282541932,0.8204583038034491,0.8709221590664793,0.921716439547695,0.8724309000708718,0.9153469622804492,0.9281751824817518,3179,294,514,246,0.36386138613861385,0.07182481751824818,0.12756909992912827,0.8146637299342687,0.8961310255113102,0.09007370403541431
pseudo90_nn20_stress_screen,75-79 years,75,4027,0.8348646635212317,0.8519990067047429,0.8799258337257824,0.9303694980126601,0.8825428358579588,0.9210142815505683,0.9399167162403331,3160,271,394,202,0.4075187969924812,0.060083283759666865,0.11745716414204121,0.8418489437531647,0.9006311137749191,0.0826550851047795
pseudo90_nn20_stress_screen,80-84 years,80,2943,0.8827726809378186,0.9001019367991845,0.9039865416073156,0.9479702687249857,0.9072375127420998,0.9388448471121178,0.9572748267898383,2487,162,183,111,0.46956521739130436,0.042725173210161664,0.09276248725790011,0.8872718479340347,0.9124331983353974,0.0643649301936247
pseudo90_nn20_stress_screen,85-89 years,85,1823,0.9325287986834887,0.9550191991223258,0.9393865686329367,0.970648067422261,0.9445968184311574,0.9592188397472717,0.9823529411764705,1670,71,52,30,0.5772357723577236,0.01764705882352941,0.055403181568842566,0.9363586289328308,0.917063605930177,0.04185758828408019
pseudo90_nn20_stress_screen,90+ years,90,957,0.96760710553814,0.9832810867293625,0.9649831112639806,0.984467059453669,0.9696969696969697,0.9766206163655685,0.9924406047516199,919,22,9,7,0.7096774193548387,0.00755939524838013,0.030303030303030304,0.9675466997453812,0.9159060823521215,0.024280265234620887
submission6_nested_equivalent,01-04 years,1,3,0.0,0.0,1.0,0.0,1.0,0.0,0.0,0,0,3,0,0.0,,0.0,0.19482806663182806,,0.04659480358397028
submission6_nested_equivalent,05-09 years,5,1,0.0,0.0,1.0,0.0,1.0,0.0,0.0,0,0,1,0,0.0,,0.0,0.4102819509832398,,0.1683312793026136
submission6_nested_equivalent,10-14 years,10,2,0.5,0.0,0.3333333333333333,0.0,0.5,0.0,0.0,0,0,1,1,0.0,1.0,0.5,0.11249376538087587,1.0,0.34269644415032924
submission6_nested_equivalent,15-19 years,15,3,1.0,0.6666666666666666,0.8000000000000002,0.8,0.6666666666666666,1.0,0.6666666666666666,2,0,0,1,,0.3333333333333333,0.3333333333333333,0.5987950675046625,,0.2018846277084286
submission6_nested_equivalent,20-24 years,20,10,0.4,0.6,0.6,0.6,0.6,0.5,0.75,3,3,3,1,0.5,0.25,0.4,0.48981056245411825,0.7916666666666667,0.23449010585884206
submission6_nested_equivalent,25-29 years,25,17,0.5882352941176471,0.5294117647058824,0.8247678018575851,0.8421052631578947,0.8235294117647058,0.8888888888888888,0.8,8,1,6,2,0.14285714285714285,0.2,0.17647058823529413,0.5140048884703646,0.9,0.12558020652627364
submission6_nested_equivalent,30-34 years,30,27,0.5185185185185185,0.5555555555555556,0.8885823754789273,0.896551724137931,0.8888888888888888,0.8666666666666667,0.9285714285714286,13,2,11,1,0.15384615384615385,0.07142857142857142,0.1111111111111111,0.5505803513494623,0.945054945054945,0.09015417920071721
submission6_nested_equivalent,35-39 years,35,69,0.6376811594202898,0.6956521739130435,0.7038437303087587,0.782608695652174,0.7101449275362319,0.75,0.8181818181818182,36,12,13,8,0.48,0.18181818181818182,0.2898550724637681,0.677765130391952,0.7918181818181818,0.17507612229513125
submission6_nested_equivalent,40-44 years,40,158,0.6962025316455697,0.7088607594936709,0.8471695503745059,0.8918918918918919,0.8481012658227848,0.8839285714285714,0.9,99,13,35,11,0.2708333333333333,0.1,0.1518987341772152,0.6993550287830759,0.9280303030303031,0.09801229674304149
submission6_nested_equivalent,45-49 years,45,341,0.7302052785923754,0.7536656891495601,0.8511991005297139,0.9011857707509882,0.8533724340175953,0.8871595330739299,0.9156626506024096,228,29,63,21,0.31521739130434784,0.08433734939759036,0.1466275659824047,0.734644418648574,0.9071939933647633,0.10289943372535376
submission6_nested_equivalent,50-54 years,50,789,0.7693282636248415,0.7934093789607097,0.8513553658012597,0.9067315490673155,0.8542458808618505,0.8929712460063898,0.9209225700164745,559,67,115,48,0.36813186813186816,0.07907742998352553,0.14575411913814956,0.7823775641439716,0.8904176548328113,0.09887635479279444
submission6_nested_equivalent,55-59 years,55,1821,0.7924217462932455,0.8204283360790774,0.8380620413687495,0.902281239359891,0.842394288852279,0.8868808567603749,0.9182259182259183,1325,169,209,118,0.4470899470899471,0.08177408177408177,0.15760571114772104,0.8024764681190143,0.8624741958075292,0.110103045788038
submission6_nested_equivalent,60-64 years,60,2925,0.8027350427350427,0.8105982905982906,0.8584008698211736,0.9129052765416402,0.8594871794871795,0.9084774356811472,0.9173764906303237,2154,217,360,194,0.37608318890814557,0.08262350936967632,0.14051282051282052,0.8030547147829771,0.8860345026114633,0.09577134868488324
submission6_nested_equivalent,65-69 years,65,3851,0.7987535705011686,0.805505063619839,0.8484219561500946,0.9061184849465846,0.8493897688911971,0.902321083172147,0.9099479843953185,2799,303,472,277,0.3909677419354839,0.0900520156046814,0.15061023110880292,0.8024518808538602,0.8800922857502413,0.10139562027448501
submission6_nested_equivalent,70-74 years,70,4233,0.8091188282541932,0.8242381289865344,0.8723111689915594,0.9230546716806479,0.8743208126624143,0.9145887073660075,0.9316788321167884,3191,298,510,234,0.3688118811881188,0.06832116788321167,0.12567918733758562,0.8122385224459563,0.8988227216882273,0.08851168587102051
submission6_nested_equivalent,75-79 years,75,4027,0.8348646635212317,0.8510057114477279,0.8800874474124064,0.9303284725290911,0.8825428358579588,0.9215056901079661,0.9393218322427127,3158,269,396,204,0.4045112781954887,0.06067816775728733,0.11745716414204121,0.8389773141097148,0.9022730830645919,0.08230586816545776
submission6_nested_equivalent,80-84 years,80,2943,0.8827726809378186,0.8967040434930343,0.9074640708205537,0.9493985105976704,0.9099558273870201,0.9420234937476317,0.9568899153194765,2486,153,192,112,0.4434782608695652,0.04311008468052348,0.09004417261297995,0.8839524384796775,0.9148542356997021,0.06349474275625114
submission6_nested_equivalent,85-89 years,85,1823,0.9325287986834887,0.9572133845309929,0.9399695555170366,0.9712626995645863,0.945693911135491,0.9587392550143267,0.9841176470588235,1673,72,51,27,0.5853658536585366,0.01588235294117647,0.05430608886450905,0.9322160487408439,0.918885700621712,0.04133468160155008
submission6_nested_equivalent,90+ years,90,957,0.96760710553814,0.9801462904911181,0.964991187589974,0.9839055793991416,0.9686520376175548,0.9776119402985075,0.990280777537797,917,21,10,9,0.6774193548387096,0.009719222462203024,0.03134796238244514,0.9614472486756381,0.9203999163937853,0.02334664802124257
