feature_family,feature,level,focal_count,rest_count,focal_prevalence,rest_prevalence,prevalence_difference,focal_dead_rate,rest_dead_rate,focal_error_rate,rest_error_rate
calendar,year_of_diagnosis,2016,220,2128,0.12081274025260846,0.09594661616844763,0.024866124084160834,0.8409090909090909,0.9083646616541353,0.14545454545454545,0.08223684210526316
calendar,year_of_diagnosis,2015,208,2215,0.11422295442064799,0.09986924568285314,0.014353708737794846,0.8605769230769231,0.9282167042889391,0.13942307692307693,0.0690744920993228
calendar,year_of_diagnosis,2018,192,2038,0.10543657331136738,0.09188872356733847,0.013547849744028909,0.7552083333333334,0.8802747791952895,0.140625,0.11530912659470069
calendar,year_of_diagnosis,2013,198,2263,0.10873146622734761,0.10203345507011137,0.006698011157236242,0.8939393939393939,0.9407865665046399,0.1111111111111111,0.05788775961113566
calendar,year_of_diagnosis,2014,192,2198,0.10543657331136738,0.0991027548581992,0.0063338184531681885,0.8854166666666666,0.9290263876251137,0.13020833333333334,0.06369426751592357
calendar,year_of_diagnosis,2019,174,2064,0.09555189456342669,0.09306100365210335,0.0024908909113233457,0.8448275862068966,0.8425387596899225,0.13218390804597702,0.11627906976744186
calendar,year_of_diagnosis,2017,182,2183,0.09994508511806699,0.098426439424681,0.0015186456933859865,0.8406593406593407,0.8891433806688044,0.12637362637362637,0.09894640403114979
calendar,year_of_diagnosis,2020,144,1882,0.07907742998352553,0.08485504305874926,-0.005777613075223731,0.6875,0.7943676939426142,0.2222222222222222,0.15621679064824653
calendar,year_of_diagnosis,2022,117,1784,0.0642504118616145,0.08043644889309708,-0.01618603703148258,0.6666666666666666,0.6743273542600897,0.23076923076923078,0.19338565022421525
calendar,year_of_diagnosis,2021,120,1921,0.06589785831960461,0.08661346318589656,-0.020715604866291953,0.725,0.7641853201457575,0.25,0.16345653305570015
calendar,year_of_diagnosis,2023,74,1503,0.040637012630422846,0.06776680643852293,-0.02712979380810008,0.3108108108108108,0.4504324683965403,0.22972972972972974,0.24484364604125083
data_quality,diagnostic_confirmation,Positive histology,1522,16986,0.8358045030203185,0.7658595969160016,0.06994490610431692,0.7739816031537451,0.8031319910514542,0.16557161629434955,0.13605322029906983
data_quality,diagnostic_confirmation,"Positive exfoliative cytology, no positive histology",198,2281,0.10873146622734761,0.1028450335903332,0.0058864326370144104,0.8838383838383839,0.9232792634809294,0.11616161616161616,0.06970626918018413
data_quality,diagnostic_confirmation,<RARE n<30>,1,14,0.0005491488193300384,0.0006312277379503133,-8.207891862027487e-05,1.0,0.8571428571428571,0.0,0.21428571428571427
data_quality,diagnostic_confirmation,Pos hist AND immunophenotyping AND/OR pos genetic studies,2,49,0.001098297638660077,0.002209297082826097,-0.00111099944416602,0.0,0.5918367346938775,0.5,0.30612244897959184
data_quality,diagnostic_confirmation,Clinical diagnosis only,10,270,0.0054914881933003845,0.012173677803327471,-0.006682189610027087,0.9,0.8962962962962963,0.1,0.07037037037037037
data_quality,diagnostic_confirmation,Unknown,20,800,0.010982976386600769,0.03607015645430362,-0.02508718006770285,0.95,0.9925,0.05,0.005
data_quality,diagnostic_confirmation,Radiography without microscopic confirm,68,1779,0.037342119714442616,0.08021101041525767,-0.04286889070081506,0.8970588235294118,0.9286115795390669,0.1323529411764706,0.056211354693648116
disease_profile,grade_recode_thru2017,Unknown,612,6729,0.33607907742998355,0.3033951034762613,0.032683973953722245,0.9084967320261438,0.9594293357111012,0.08986928104575163,0.038044285926586416
disease_profile,grade_recode_thru2017,Poorly differentiated; Grade III,215,1944,0.11806699615595827,0.0876504801839578,0.03041651597200047,0.827906976744186,0.9156378600823045,0.14883720930232558,0.08641975308641975
disease_profile,grade_recode_thru2017,Undifferentiated; anaplastic; Grade IV,28,194,0.015376166941241077,0.008747012940168627,0.006629154001072449,0.8928571428571429,0.9536082474226805,0.10714285714285714,0.05154639175257732
disease_profile,grade_recode_thru2017,<RARE n<30>,0,2,0.0,9.017539113575905e-05,-9.017539113575905e-05,,0.5,,1.0
disease_profile,grade_recode_thru2017,B-cell; pre-B; B-precursor,3,60,0.0016474464579901153,0.0027052617340727714,-0.001057815276082656,0.3333333333333333,0.5833333333333334,0.6666666666666666,0.3333333333333333
disease_profile,grade_recode_thru2017,Moderately differentiated; Grade II,112,1516,0.061504667764964306,0.06835294648090535,-0.006848278715941049,0.75,0.8344327176781002,0.23214285714285715,0.15897097625329815
disease_profile,grade_recode_thru2017,Well differentiated; Grade I,30,542,0.016474464579901153,0.024437530997790703,-0.00796306641788955,0.6666666666666666,0.6992619926199262,0.43333333333333335,0.2177121771217712
disease_profile,grade_recode_thru2017,Blank(s),821,11192,0.45085118066996155,0.5046214887957077,-0.053770308125746125,0.705237515225335,0.7483917083631165,0.1900121802679659,0.16047176554681916
histology,histologic_type_icdo3,8041,284,2403,0.15595826468973092,0.1083457324496145,0.047612532240116426,0.9190140845070423,0.9300873907615481,0.06690140845070422,0.0715771951727008
histology,histologic_type_icdo3,8140,734,8207,0.4030752333882482,0.37003471752558725,0.033040515862660935,0.7956403269754768,0.8278299013037651,0.17029972752043596,0.13391007676373828
histology,histologic_type_icdo3,8246,31,190,0.017023613399231193,0.00856666215789711,0.008456951241334084,0.9032258064516129,0.9315789473684211,0.12903225806451613,0.031578947368421054
histology,histologic_type_icdo3,8551,53,461,0.029104887424492038,0.020785427656792463,0.008319459767699575,0.2641509433962264,0.2950108459869848,0.20754716981132076,0.2017353579175705
histology,histologic_type_icdo3,8240,34,289,0.018671059857221308,0.013030344019117183,0.005640715838104125,0.2647058823529412,0.328719723183391,0.20588235294117646,0.20761245674740483
histology,histologic_type_icdo3,8046,104,1156,0.057111477210323995,0.05212137607646873,0.004990101133855264,0.7980769230769231,0.8737024221453287,0.16346153846153846,0.11418685121107267
histology,histologic_type_icdo3,<RARE n<30>,42,409,0.023064250411861616,0.018440867487262726,0.004623382924598889,0.6666666666666666,0.726161369193154,0.14285714285714285,0.1784841075794621
histology,histologic_type_icdo3,8013,21,167,0.011532125205930808,0.00752964515983588,0.0040024800460949275,0.9523809523809523,0.874251497005988,0.14285714285714285,0.11976047904191617
histology,histologic_type_icdo3,8022,5,25,0.0027457440966501922,0.0011271923891969882,0.001618551707453204,1.0,0.8,0.2,0.2
histology,histologic_type_icdo3,8045,6,47,0.0032948929159802307,0.0021191216916903377,0.001175771224289893,0.8333333333333334,0.8723404255319149,0.16666666666666666,0.19148936170212766
histology,histologic_type_icdo3,8249,6,58,0.0032948929159802307,0.0026150863429370125,0.0006798065730432182,0.5,0.5172413793103449,0.16666666666666666,0.29310344827586204
histology,histologic_type_icdo3,8255,20,233,0.010982976386600769,0.010505433067315929,0.0004775433192848403,0.5,0.6137339055793991,0.5,0.24034334763948498
histology,histologic_type_icdo3,8230,8,89,0.004393190554640308,0.004012804905541277,0.0003803856490990302,0.625,0.48314606741573035,0.625,0.3595505617977528
histology,histologic_type_icdo3,8550,19,233,0.01043382756727073,0.010505433067315929,-7.160550004519858e-05,0.5789473684210527,0.6566523605150214,0.3157894736842105,0.351931330472103
histology,histologic_type_icdo3,8260,9,114,0.004942339373970346,0.005139997294738266,-0.00019765792076792063,0.7777777777777778,0.5263157894736842,0.2222222222222222,0.2543859649122807
histology,histologic_type_icdo3,9680,2,41,0.001098297638660077,0.0018485955182830605,-0.0007502978796229836,1.0,0.6829268292682927,1.0,0.34146341463414637
histology,histologic_type_icdo3,9699,2,42,0.001098297638660077,0.0018936832138509402,-0.0007953855751908633,0.0,0.40476190476190477,0.0,0.2619047619047619
histology,histologic_type_icdo3,8012,2,46,0.001098297638660077,0.0020740339961224583,-0.0009757363574623814,0.5,0.9130434782608695,0.5,0.06521739130434782
histology,histologic_type_icdo3,8033,2,61,0.001098297638660077,0.002750349429640651,-0.0016520517909805743,1.0,0.8852459016393442,0.0,0.11475409836065574
histology,histologic_type_icdo3,8250,11,176,0.0060406370126304225,0.007935434419946796,-0.0018947974073163735,0.09090909090909091,0.36363636363636365,0.09090909090909091,0.1590909090909091
histology,histologic_type_icdo3,8480,10,165,0.0054914881933003845,0.0074394697687001216,-0.001947981575399737,0.8,0.7818181818181819,0.3,0.16363636363636364
histology,histologic_type_icdo3,8560,8,148,0.004393190554640308,0.00667297894404617,-0.002279788389405862,0.875,0.8783783783783784,0.125,0.13513513513513514
histology,histologic_type_icdo3,8072,8,153,0.004393190554640308,0.006898417421885568,-0.00250522686724526,0.25,0.6797385620915033,0.375,0.20915032679738563
histology,histologic_type_icdo3,8253,5,119,0.0027457440966501922,0.005365435772577663,-0.002619691675927471,0.6,0.6302521008403361,0.8,0.16806722689075632
histology,histologic_type_icdo3,8071,16,277,0.008786381109280615,0.012489291672302628,-0.003702910563022013,0.8125,0.7003610108303249,0.3125,0.18411552346570398
histology,histologic_type_icdo3,8010,62,901,0.034047226798462386,0.040624013706659454,-0.006576786908197067,0.8870967741935484,0.9367369589345172,0.0967741935483871,0.051054384017758046
histology,histologic_type_icdo3,8070,248,3708,0.13618890719384955,0.16718517516569728,-0.030996267971847735,0.8467741935483871,0.8740560949298813,0.15725806451612903,0.10436893203883495
histology,histologic_type_icdo3,8000,69,2261,0.03789126853377265,0.10194327967897561,-0.06405201114520295,0.9565217391304348,0.9619637328615657,0.057971014492753624,0.03538257408226449
histology,histology_family,small-cell family,290,2464,0.15925315760571115,0.11109608187925515,0.048157075726456,0.9172413793103448,0.9289772727272727,0.06896551724137931,0.07386363636363637
histology,histology_family,adenocarcinoma family,881,9910,0.48380010982976385,0.4468190630776861,0.03698104675207775,0.738933030646992,0.7745711402623613,0.18955732122587968,0.14994954591321896
histology,histology_family,neuroendocrine family,72,537,0.039538714991762765,0.024212092519951305,0.01532662247181146,0.5694444444444444,0.5623836126629422,0.18055555555555555,0.15456238361266295
histology,histology_family,large-cell family,24,213,0.013179571663920923,0.009603679155958339,0.003575892507962584,0.9166666666666666,0.8826291079812206,0.16666666666666666,0.107981220657277
histology,histology_family,other histology,138,1665,0.0757825370675453,0.0750710131205194,0.0007115239470258938,0.7753623188405797,0.8336336336336336,0.18115942028985507,0.13633633633633635
histology,histology_family,squamous family,276,4178,0.1515650741350906,0.18837639208260065,-0.03681131794751005,0.822463768115942,0.8547151747247487,0.17028985507246377,0.11464815701292484
histology,histology_family,NOS/other epithelial family,140,3212,0.07688083470620538,0.14482167816402905,-0.06794084345782367,0.9214285714285714,0.9536114570361146,0.07857142857142857,0.04078455790784558
stage,derived_eod_composite_stage,EOD unavailable (all blank),1000,10987,0.5491488193300385,0.4953785112042923,0.053770308125746125,0.864,0.9193592427414217,0.131,0.07417857467916629
stage,derived_eod_composite_stage,M1 distant/metastatic,432,4889,0.2372322899505766,0.220433743631363,0.016798546319213598,0.8587962962962963,0.8936387809367969,0.13657407407407407,0.1039067293925138
stage,derived_eod_composite_stage,M0 N1-3 node-positive,150,1679,0.08237232289950576,0.07570224085846973,0.0066700820410360295,0.6133333333333333,0.7331745086360929,0.29333333333333333,0.20488385944014295
stage,derived_eod_composite_stage,EOD not applicable (88),51,703,0.02800658978583196,0.031696649984219304,-0.0036900601983873432,0.6666666666666666,0.7724039829302988,0.21568627450980393,0.18634423897581792
stage,derived_eod_composite_stage,M0 N0 T3-4 locally advanced,30,581,0.016474464579901153,0.026195951124938003,-0.00972148654503685,0.6,0.6643717728055077,0.4,0.2117039586919105
stage,derived_eod_composite_stage,M0 indeterminate T/N,27,905,0.014827018121911038,0.04080436448893097,-0.02597734636701993,0.7777777777777778,0.8972375690607735,0.07407407407407407,0.08729281767955802
stage,derived_eod_composite_stage,M0 N0 T0-2 localized,131,2435,0.07193849533223504,0.10978853870778664,-0.037850043375551604,0.3282442748091603,0.42505133470225875,0.21374045801526717,0.2509240246406571
stage,summary_stage,Distant,634,5775,0.3481603514552444,0.26038144190450424,0.08777890955074014,0.9479495268138801,0.9787012987012987,0.050473186119873815,0.021645021645021644
stage,summary_stage,Regional,226,2236,0.1241076331685887,0.10081608728977862,0.023291545878810077,0.7345132743362832,0.8877459749552773,0.22123893805309736,0.12075134168157424
stage,summary_stage,Unknown/unstaged,25,698,0.013728720483250962,0.03147121150637991,-0.01774249102312895,0.96,0.9871060171919771,0.04,0.014326647564469915
stage,summary_stage,Localized,113,2264,0.06205381658429435,0.10207854276567925,-0.040024726181384904,0.6371681415929203,0.7787102473498233,0.415929203539823,0.18021201413427562
stage,summary_stage,Blank(s),823,11206,0.45194947830862164,0.505252716533658,-0.05330323822503635,0.7047387606318347,0.7485275745136534,0.19076549210206561,0.1604497590576477
treatment,radiation_recode,Beam radiation,818,8293,0.44920373421197146,0.3739122593444249,0.07529147486754656,0.8227383863080685,0.8314240926082238,0.17237163814180928,0.13818883395634873
treatment,radiation_recode,"Radiation, NOS  method or source not specified",9,43,0.004942339373970346,0.0019387709094188196,0.003003568464551526,0.7777777777777778,0.8604651162790697,0.2222222222222222,0.06976744186046512
treatment,radiation_recode,"Recommended, unknown if administered",15,152,0.008237232289950576,0.006853329726317688,0.001383902563632888,0.8666666666666667,0.8881578947368421,0.13333333333333333,0.09210526315789473
treatment,radiation_recode,<RARE n<30>,4,38,0.002196595277320154,0.001713332431579422,0.0004832628457407317,0.75,0.8421052631578947,0.25,0.07894736842105263
treatment,radiation_recode,Refused (1988+),31,515,0.017023613399231193,0.023220163217457956,-0.006196549818226763,0.9032258064516129,0.9553398058252427,0.0,0.04466019417475728
treatment,radiation_recode,None/Unknown,944,13138,0.5183964854475562,0.5923621443708013,-0.07396565892324503,0.7616525423728814,0.8285888263053737,0.149364406779661,0.10823565230628711
treatment,reason_nocancer_directed_surgery,Surgery performed,350,3563,0.19220208676551345,0.16064745930835475,0.0315546274571587,0.4514285714285714,0.5169800729722144,0.32285714285714284,0.2593320235756385
treatment,reason_nocancer_directed_surgery,Not recommended,1323,15735,0.7265238879736409,0.7094548897605844,0.01706899821305652,0.8790627362055934,0.8940578328566889,0.11413454270597127,0.09170638703527169
treatment,reason_nocancer_directed_surgery,"Not performed, patient died prior to recommended surgery",5,48,0.0027457440966501922,0.002164209387258217,0.0005815347093919752,1.0,1.0,0.0,0.0
treatment,reason_nocancer_directed_surgery,"Recommended, unknown if performed",2,40,0.001098297638660077,0.0018035078227151811,-0.0007052101840551042,1.0,0.675,0.0,0.225
treatment,reason_nocancer_directed_surgery,"Recommended but not performed, unknown reason",25,324,0.013728720483250962,0.014608413363992967,-0.000879692880742005,0.84,0.9382716049382716,0.16,0.07098765432098765
treatment,reason_nocancer_directed_surgery,"Recommended but not performed, patient refused",17,435,0.009335529928610654,0.019613147572027593,-0.010277617643416939,0.7647058823529411,0.8298850574712644,0.17647058823529413,0.11494252873563218
treatment,reason_nocancer_directed_surgery,"Not recommended, contraindicated due to other cond; autopsy only (1973-2002)",78,1282,0.042833607907743,0.05780242571802155,-0.014968817810278548,0.7692307692307693,0.84399375975039,0.20512820512820512,0.12090483619344773
treatment,reason_nocancer_directed_surgery,Unknown; death certificate; or autopsy only (2003+),21,752,0.011532125205930808,0.0339059470670454,-0.022373821861114595,1.0,0.9906914893617021,0.0,0.009308510638297872
treatment,rx_summ_scope_reglnsur2003,"Biopsy or aspiration of regional lymph node, NOS",349,3177,0.1916529379461834,0.14324360881915324,0.048409329127030165,0.839541547277937,0.8328611898016998,0.12607449856733524,0.13786591123701605
treatment,rx_summ_scope_reglnsur2003,4 or more regional lymph nodes removed,265,2734,0.1455244371224602,0.12326975968258262,0.022254677439877565,0.41509433962264153,0.4893928310168252,0.3169811320754717,0.2574981711777615
treatment,rx_summ_scope_reglnsur2003,1 to 3 regional lymph nodes removed,44,446,0.02416254805052169,0.02010911222327427,0.004053435827247421,0.6363636363636364,0.600896860986547,0.36363636363636365,0.24887892376681614
treatment,rx_summ_scope_reglnsur2003,Number of regional lymph nodes removed unknown,10,89,0.0054914881933003845,0.004012804905541277,0.001478683287759107,0.5,0.6741573033707865,0.2,0.21348314606741572
treatment,rx_summ_scope_reglnsur2003,<RARE n<30>,2,20,0.001098297638660077,0.0009017539113575906,0.00019654372730248634,0.0,0.7,0.5,0.35
treatment,rx_summ_scope_reglnsur2003,Unknown or not applicable,32,872,0.01757276221856123,0.039316470535190946,-0.021743708316629716,0.9375,0.9541284403669725,0.125,0.033256880733944956
treatment,rx_summ_scope_reglnsur2003,<NA>,1119,14841,0.6144975288303131,0.6691464899229,-0.05464896109258699,0.8731009830205541,0.8974462637288593,0.12153708668453976,0.08779731824001077
treatment,rx_summ_surgothregdis2003,Non-primary surgical procedure to distant site,66,431,0.036243822075782535,0.019432796789756075,0.01681102528602646,0.8333333333333334,0.877030162412993,0.15151515151515152,0.10904872389791183
treatment,rx_summ_surgothregdis2003,Non-primary surgical procedure to distant lymph node(s),12,78,0.006589785831960461,0.003516840254294603,0.0030729455776658584,1.0,0.9102564102564102,0.0,0.08974358974358974
treatment,rx_summ_surgothregdis2003,Non-primary surgical procedure performed,9,63,0.004942339373970346,0.00284052482077641,0.0021018145531939356,0.7777777777777778,0.746031746031746,0.2222222222222222,0.2698412698412698
treatment,rx_summ_surgothregdis2003,Non-primary surgical procedure to other regional sites,9,91,0.004942339373970346,0.004102980296677037,0.0008393590772933085,0.5555555555555556,0.7032967032967034,0.2222222222222222,0.18681318681318682
treatment,rx_summ_surgothregdis2003,<RARE n<30>,2,11,0.001098297638660077,0.0004959646512466747,0.0006023329874134021,1.0,0.8181818181818182,0.0,0.09090909090909091
treatment,rx_summ_surgothregdis2003,None; diagnosed at autopsy,1701,20771,0.9341021416803954,0.9365165246404257,-0.00241438296003027,0.78777189888301,0.8273073034519282,0.15990593768371547,0.12098599008232631
treatment,rx_summ_surgothregdis2003,Unknown; death certificate only,22,734,0.012081274025260845,0.03309436854682357,-0.021013094521562727,1.0,0.9863760217983651,0.045454545454545456,0.01226158038147139
treatment,rx_summ_surgprim_site19982022,0,1401,16706,0.7693574958813838,0.7532350421569953,0.016122453724388475,0.8886509635974305,0.9157787621213935,0.11277658815132048,0.07973183287441638
treatment,rx_summ_surgprim_site19982022,33,179,1971,0.09829763866007687,0.08886784796429055,0.009429790695786325,0.4022346368715084,0.5053272450532724,0.3128491620111732,0.2831050228310502
treatment,rx_summ_surgprim_site19982022,30,32,239,0.01757276221856123,0.010775959240723207,0.0067968029778380235,0.65625,0.6317991631799164,0.4375,0.32217573221757323
treatment,rx_summ_surgprim_site19982022,56,17,69,0.009335529928610654,0.0031110509941836874,0.006224478934426967,0.5882352941176471,0.7101449275362319,0.4117647058823529,0.2753623188405797
treatment,rx_summ_surgprim_site19982022,21,59,616,0.032399780340472265,0.02777402046981379,0.004625759870658476,0.5084745762711864,0.6185064935064936,0.423728813559322,0.26136363636363635
treatment,rx_summ_surgprim_site19982022,45,8,47,0.004393190554640308,0.0021191216916903377,0.00227406886294997,0.625,0.5531914893617021,0.5,0.3191489361702128
treatment,rx_summ_surgprim_site19982022,12,6,36,0.0032948929159802307,0.001623157040443663,0.0016717358755365677,0.6666666666666666,0.9166666666666666,0.16666666666666666,0.05555555555555555
treatment,rx_summ_surgprim_site19982022,<RARE n<30>,16,158,0.008786381109280615,0.007123855899724965,0.0016625252095556504,0.8125,0.7848101265822784,0.125,0.2088607594936709
treatment,rx_summ_surgprim_site19982022,22,11,153,0.0060406370126304225,0.006898417421885568,-0.0008577804092551452,0.18181818181818182,0.43137254901960786,0.2727272727272727,0.2679738562091503
treatment,rx_summ_surgprim_site19982022,99,18,681,0.009884678747940691,0.030704720681725958,-0.02082004193378527,1.0,0.9911894273127754,0.0,0.007342143906020558
treatment,rx_summ_surgprim_site19982022,Blank(s),74,1503,0.040637012630422846,0.06776680643852293,-0.02712979380810008,0.3108108108108108,0.4504324683965403,0.22972972972972974,0.24484364604125083
tumor_size,tumor_size_best_bin,>100,78,621,0.042833607907743,0.027999458947653186,0.014834148960089815,0.9358974358974359,0.927536231884058,0.07692307692307693,0.06763285024154589
tumor_size,tumor_size_best_bin,71-100,181,1938,0.09939593629873696,0.08737995401055051,0.012015982288186441,0.8950276243093923,0.9195046439628483,0.12154696132596685,0.07327141382868937
tumor_size,tumor_size_best_bin,51-70,238,2720,0.13069741900054915,0.12263853194463231,0.008058887055916841,0.865546218487395,0.8970588235294118,0.15966386554621848,0.09522058823529411
tumor_size,tumor_size_best_bin,<=10,80,821,0.043931905546403076,0.037016998061229094,0.006914907485173982,0.5625,0.6114494518879415,0.3,0.21315468940316687
tumor_size,tumor_size_best_bin,Unavailable,387,4793,0.21252059308072488,0.21610532485684655,-0.0035847317761216746,0.896640826873385,0.9346964322971,0.09302325581395349,0.06196536615898185
tumor_size,tumor_size_best_bin,31-50,366,4570,0.20098846787479407,0.20605076874520944,-0.0050623008704153705,0.7814207650273224,0.8553610503282276,0.16120218579234974,0.11794310722100657
tumor_size,tumor_size_best_bin,21-30,238,3199,0.13069741900054915,0.1442355381216466,-0.013538119121097453,0.6932773109243697,0.7636761487964989,0.19747899159663865,0.1541106595811191
tumor_size,tumor_size_best_bin,11-20,253,3517,0.13893465129049973,0.15857342531223229,-0.019638774021732558,0.6284584980237155,0.6667614444128519,0.21739130434782608,0.18879727040090988
