dimension,slice,rows,pseudo90_dead_class_f1,combined_dead_class_f1,combined_minus_pseudo90_dead_f1,pseudo90_weighted_f1,combined_weighted_f1,combined_minus_pseudo90_weighted_f1,changed_predictions,pseudo90_dead_to_combined_alive,pseudo90_alive_to_combined_dead,corrected_predictions,harmed_predictions,net_corrected,large_enough_for_intervention,material_dead_f1_regression,material_weighted_f1_regression,fold_dead_delta_mean,fold_dead_delta_std,fold_dead_delta_min,fold_dead_delta_max,fold_dead_wins,fold_dead_ties,fold_dead_losses,fold_weighted_delta_mean,fold_weighted_delta_std,fold_weighted_delta_min,fold_weighted_delta_max,fold_weighted_wins,fold_weighted_ties,fold_weighted_losses
GLOBAL,all rows,24000,0.9266169154228856,0.9274129353233831,0.000796019900497491,0.8747971680061233,0.8761553004209721,0.0013581324148488338,220,110,110,126,94,32,True,False,False,0.0004975124378109541,0.0009950248756219054,-0.0007462686567164534,0.0017412935323383172,3,1,1,0.0008488327592805822,0.0016976655185610492,-0.0012732491389206846,0.0029709146574818934,3,1,1
age_recode,55-59 years,1821,0.9003062266076897,0.8989452194624021,-0.0013610071452875294,0.8344849407078724,0.8322253494547374,-0.002259591253135018,16,8,8,6,10,-4,True,True,True,-0.001416356156634424,0.0034274833040489785,-0.005182072829131634,0.0036475051065071318,1,1,3,-0.002167999015190003,0.005067597208986446,-0.008896072322114645,0.004790200776065623,1,1,3
age_recode,70-74 years,4233,0.9220967274833478,0.921716439547695,-0.00038028793565281216,0.8711374631169515,0.8709221590664793,-0.00021530405047220924,38,23,15,18,20,-2,True,False,False,-0.001222325308650274,0.0022671426511115225,-0.00438105432436342,0.0013298965455674772,2,0,3,-0.0016161890935423306,0.003859718225671302,-0.0066158140889219785,0.002648509965154977,2,0,3
age_recode,45-49 years,341,0.8871287128712871,0.8871287128712871,0.0,0.8306977444600666,0.8306977444600666,0.0,2,1,1,1,1,0,False,False,False,0.0044298685920949096,0.006147207823431575,0.0,0.012484394506866336,2,3,0,0.006583208502925641,0.009107941885478999,0.0,0.018299035259108698,2,3,0
age_recode,80-84 years,2943,0.9473081328751431,0.9479702687249857,0.0006621358498425378,0.9035549047791972,0.9039865416073156,0.0004316368281184202,21,6,15,12,9,3,True,False,False,0.00044002650360011055,0.0022809372158418295,-0.0019743336623888608,0.0030506091287889614,3,0,2,0.0006116612990578974,0.0037274369623931775,-0.003705763657235628,0.005187920655813971,3,0,2
age_recode,90+ years,957,0.9833780160857909,0.984467059453669,0.001089043367878073,0.9634229864132531,0.9649831112639806,0.00156012485072754,4,1,3,3,1,2,True,False,False,0.0016379174895582605,0.003605486461766415,-0.002610192448783799,0.0057749042746845225,2,2,1,0.0008131630536577061,0.005542465609533224,-0.00756157325376805,0.00665226414394704,2,2,1
age_recode,65-69 years,3851,0.906477144241641,0.9076201261931727,0.0011429819515316186,0.8481826777067698,0.850661139942625,0.002478462235855239,42,26,16,25,17,8,True,False,False,0.0003380517001083883,0.0018602643015022122,-0.002559050289834941,0.002374404900622573,3,1,1,0.0011101482203102141,0.003124176865916218,-0.0038018057207012124,0.0040669804003984344,3,1,1
age_recode,75-79 years,4027,0.9290132547864507,0.9303694980126601,0.0013562432262094193,0.8777647633058241,0.8799258337257824,0.0021610704199582775,39,18,21,24,15,9,True,False,False,0.0012042431132916586,0.0013192824978052126,0.0001030612770721584,0.0033750142367086067,5,0,0,0.0018523143635645444,0.003209178572017843,-0.0008441786594302059,0.006943376520451738,3,0,2
age_recode,85-89 years,1823,0.9691501746216531,0.970648067422261,0.0014978928006078585,0.9371747573072386,0.9393865686329367,0.002211811325698032,11,3,8,8,3,5,True,False,False,0.0017886555165149253,0.003204424447466751,0.0,0.007393853703164588,2,3,0,0.002752944015142389,0.004998754542459677,0.0,0.01152509265315016,2,3,0
age_recode,60-64 years,2925,0.9119017365523083,0.9135593220338983,0.001657585481590007,0.8565302397209181,0.8593861691530809,0.0028559294321627293,34,18,16,21,13,8,True,False,False,0.0012680423789627859,0.004313030344580017,-0.004381161007667056,0.005344796821835307,3,0,2,0.0018908711705966975,0.006486252305053056,-0.0070525970419755835,0.007397917830849088,3,0,2
age_recode,50-54 years,789,0.9052631578947369,0.9076175040518638,0.0023543461571269297,0.8484323247009431,0.8524839942599609,0.004051669559017812,9,5,4,6,3,3,True,False,False,0.000855881565412675,0.0030310266842799543,-0.0036305220883533496,0.004195038910505877,3,1,1,0.0009355729640448285,0.005871322595449648,-0.00665249065613005,0.00792393452483231,2,1,2
derived_eod_composite_stage,M0 N0 T0-2 localized,2566,0.6670140698280355,0.6652719665271967,-0.0017421033008387932,0.7447811356840914,0.7441198858617643,-0.0006612498223271812,47,27,20,23,24,-1,True,True,False,-0.0021765255498733317,0.007240818366368684,-0.011642411642411643,0.00807442304251893,1,1,3,-0.0007530656490601251,0.004396882361153814,-0.005293816845297061,0.00599813474337052,1,1,3
derived_eod_composite_stage,M0 indeterminate T/N,932,0.9538461538461539,0.9532267613972765,-0.0006193924488774316,0.9111314761899342,0.9102429867730716,-0.0008884894168625923,7,4,3,3,4,-1,True,False,False,0.0005365939368025208,0.0039873794832101786,-0.006211180124223614,0.003205305332964925,3,1,1,0.0005335294161181503,0.0075246120063479135,-0.01227585196494596,0.00633980619009622,3,1,1
derived_eod_composite_stage,EOD unavailable (all blank),11987,0.956079560795608,0.9563847504163479,0.0003051896207398874,0.9123282765321188,0.9130822853134484,0.0007540087813295848,59,32,27,33,26,7,True,False,False,-0.00014193492008083287,0.0011389723761533672,-0.0012351018387065649,0.0013859194225840366,2,0,3,-0.00020849459687233285,0.001921943908953772,-0.0026448376487475667,0.0021933597005650007,2,0,3
derived_eod_composite_stage,M1 distant/metastatic,5321,0.9406083025071927,0.9417924237757931,0.0011841212686003466,0.8777396325227073,0.8794347561191339,0.0016951235964266509,47,19,28,29,18,11,True,False,False,0.0015806410141320892,0.00248334633774691,-0.001029866117404743,0.005470127160267957,3,1,1,0.002809525769467203,0.003923579476063207,-0.0021081490144416737,0.00790881588425496,3,1,1
derived_eod_composite_stage,EOD not applicable (88),754,0.8729752770673487,0.8758503401360545,0.0028750630687057743,0.7983837688773632,0.801761666924288,0.0033778980469247877,13,5,8,8,5,3,True,False,False,0.0023379732095389905,0.003541244138799625,0.0,0.008620689655172376,4,1,0,0.0019720095003920466,0.007433092763586539,-0.0019242746947859546,0.015195421714818247,1,1,3
derived_eod_composite_stage,M0 N1-3 node-positive,1829,0.8574643660915229,0.8607784431137725,0.0033140770222496174,0.7909211105400736,0.7949181054812025,0.0039969949411288175,36,15,21,22,14,8,True,False,False,0.0003376914442294821,0.0047400924905995675,-0.0035714285714285587,0.006008192320986039,2,0,3,0.00031930728184275113,0.007193892105429742,-0.006636996827855901,0.008154143976442318,2,0,3
derived_eod_composite_stage,M0 N0 T3-4 locally advanced,611,0.8120300751879699,0.8171500630517023,0.005119987863732467,0.7558576404262981,0.7645885278360929,0.008730887409794774,11,8,3,8,3,5,True,False,False,0.004796386132860553,0.009155342366057735,-0.006611570247933907,0.0148705096073517,3,1,1,0.00788281413035965,0.013094236945788115,-0.00963647492548203,0.022673762595789793,3,1,1
histologic_type_icdo3,8551,514,0.5943775100401606,0.5901639344262295,-0.004213575613931098,0.7898108720853153,0.7900700753606283,0.0002592032753130358,7,6,1,4,3,1,True,True,False,-0.008668310813888991,0.02042285622440617,-0.03887147335423202,0.013937282229965153,1,2,2,-0.0023140363881071655,0.008525407107902859,-0.015171531195872112,0.00815849934971602,1,2,2
histologic_type_icdo3,8071,293,0.8557213930348259,0.8528678304239401,-0.0028535626108857626,0.8055482344915872,0.8024457811287665,-0.0031024533628206674,5,3,2,2,3,-1,False,True,True,-0.0033994489963179,0.00961099275674891,-0.014652014652014711,0.009070294784580546,1,2,2,-0.004129491354727533,0.014039346316199268,-0.0196503535130359,0.015106623369440797,1,2,2
histologic_type_icdo3,8041,2687,0.963196221216296,0.9629337539432177,-0.0002624672730783262,0.9204453830536248,0.9213181941163436,0.000872811062718859,17,13,4,8,9,-1,True,False,False,0.00015452647694245148,0.0007964703672797808,-0.0010200605455291667,0.0009651027615099617,2,2,1,0.0011650357232742658,0.002377397219642279,-0.0013532324872659318,0.0045375146236338315,2,2,1
histologic_type_icdo3,8246,221,0.9757281553398058,0.9757281553398058,0.0,0.9533526629471804,0.9533526629471804,0.0,0,0,0,0,0,0,False,False,False,0.0,0.0,0.0,0.0,0,5,0,0.0,0.0,0.0,0.0,0,5,0
histologic_type_icdo3,8550,252,0.7284345047923323,0.7284345047923323,0.0,0.6678609330199248,0.6678609330199248,0.0,4,2,2,2,2,0,False,False,False,-0.008767634913236576,0.023062477457467055,-0.04617182933956754,0.014901960784313717,1,2,2,-0.010555098145754439,0.031085244914442384,-0.0593698237502992,0.024222052457346543,1,2,2
histologic_type_icdo3,8010,963,0.969896004378763,0.9699289229086933,3.291852993025923e-05,0.9349750284329724,0.9342444879554526,-0.0007305404775198587,4,1,3,2,2,0,True,False,False,-0.0006182511812751424,0.0032281362732856514,-0.006017951856385095,0.0027075562923055685,2,2,1,-0.0016677121985420706,0.004798492401194606,-0.00861816681890104,0.004120791995954831,1,2,2
histologic_type_icdo3,8046,1260,0.9320214669051878,0.9320822162645219,6.074935933408909e-05,0.8700945886009757,0.8696441888729837,-0.00045039972799199024,12,5,7,6,6,0,True,False,False,0.0010750472552066182,0.002036666153517432,-0.0020257422147477167,0.0025242963523917084,3,1,1,0.0009889931493920257,0.0036150199266063356,-0.004948654078166026,0.0034115242361900666,3,1,1
histologic_type_icdo3,8070,3956,0.9365214916026189,0.9366619115549215,0.00014041995230262838,0.880365453802004,0.8819108507361415,0.0015453969341374663,32,24,8,17,15,2,True,False,False,-0.0007053610041699132,0.0016326370038872394,-0.002390516694133815,0.001930465177378049,1,0,4,-0.0003542308956840046,0.0028345681201381607,-0.002289163781726722,0.004649455785287637,1,0,4
histologic_type_icdo3,8000,2330,0.9809650287737938,0.9818342933097032,0.0008692645359094087,0.9585584639619603,0.9610748282992195,0.0025163643372592137,6,5,1,5,1,4,True,False,False,0.001112866198640594,0.0007891738055873975,0.0,0.002230982244665336,4,1,0,0.00298703598051,0.002617710154633084,0.0,0.0070455147068277935,4,1,0
histologic_type_icdo3,8140,8941,0.9165718873352512,0.9179911847201816,0.001419297384930407,0.8568831323826662,0.8585068868172814,0.0016237544346151545,97,35,62,58,39,19,True,False,False,0.0011514217832374607,0.0013017844290730395,0.00010051341848504869,0.002788705837851735,5,0,0,0.0014448382139325977,0.0022456311744549788,-0.0004149996768134656,0.0038881034414840476,3,0,2
histologic_type_icdo3,8255,253,0.7932203389830509,0.8053691275167785,0.012148788533727584,0.7606828429160938,0.7720824550413111,0.01139961212521734,3,0,3,3,0,3,False,False,False,0.006752575549625184,0.02380023708837428,-0.01717171717171717,0.044618395303326785,2,1,2,0.009014533308405803,0.029033344951513315,-0.027345856757621467,0.05146163559127148,3,1,1
histologic_type_icdo3,8240,323,0.6033519553072626,0.6270270270270271,0.023675071719764462,0.7692046443961729,0.7784274580349877,0.00922281363881483,6,0,6,4,2,2,False,False,False,0.019071234872948473,0.021618639373605957,0.0,0.05116279069767449,3,2,0,0.006706451217096232,0.00928000849603673,0.0,0.02220959651677623,3,2,0
