dimension,slice,candidate,rows,dead_count,alive_count,actual_dead_rate,global_policy_predicted_dead_rate,global_policy_dead_class_f1,global_policy_weighted_f1,global_policy_dead_f1_gap,global_policy_weighted_f1_gap,within_slice_predicted_dead_rate,within_slice_dead_class_f1,within_slice_weighted_f1,within_minus_global_dead_f1,within_minus_global_weighted_f1,large_enough_for_intervention,weak_by_dead_f1,weak_by_weighted_f1
age_recode,55-59 years,frozen_tree,1821,1443,378,0.7924217462932455,0.8204283360790774,0.9029622063329928,0.8391905288853435,-0.025246748890887738,-0.03832290395047744,0.8451400329489291,0.9027498323272971,0.8317282256767604,-0.00021237400569573683,-0.007462303208583099,True,True,True
age_recode,45-49 years,frozen_tree,341,249,92,0.7302052785923754,0.7419354838709677,0.9043824701195219,0.8582343159132775,-0.023826485104358697,-0.01927911692254347,0.844574780058651,0.9087523277467412,0.842198458758137,0.004369857627219309,-0.016035857155140443,False,True,False
age_recode,65-69 years,frozen_tree,3851,3076,775,0.7987535705011686,0.8065437548688652,0.9077968295050146,0.8508849772935406,-0.02041212571886597,-0.026628455542280327,0.8449753310828356,0.9134281200631912,0.8504691748527935,0.0056312905581765715,-0.00041580244074712613,True,True,True
age_recode,50-54 years,frozen_tree,789,607,182,0.7693282636248415,0.7984790874524715,0.9086499595796281,0.853282224366225,-0.019558995644252453,-0.024231208469595922,0.8453738910012675,0.9215070643642073,0.863734305470776,0.012857104784579132,0.010452081104550981,True,False,True
age_recode,60-64 years,frozen_tree,2925,2348,577,0.8027350427350427,0.8112820512820513,0.9116712560898115,0.8562349373239863,-0.016537699134069106,-0.021278495511834694,0.8451282051282051,0.9157676348547718,0.854626862115401,0.004096378764960273,-0.0016080752085853023,True,False,True
age_recode,70-74 years,frozen_tree,4233,3425,808,0.8091188282541932,0.8237656508386487,0.9221643518518519,0.8709380111883508,-0.006044603372028723,-0.006575421647470159,0.8450271674935034,0.9274493001999429,0.8750631392594733,0.005284948348091012,0.00412512807112253,True,False,False
age_recode,75-79 years,frozen_tree,4027,3362,665,0.8348646635212317,0.8502607400049664,0.9310344827586207,0.8814741223382005,0.00282552753474008,0.0039606895023796,0.8450459399056369,0.9300813008130081,0.8810307512472861,-0.0009531819456125579,-0.00044337109091441285,True,False,False
age_recode,80-84 years,frozen_tree,2943,2598,345,0.8827726809378186,0.8977234114848793,0.9496183206106871,0.9076172901366842,0.02140936538680649,0.03010385730086329,0.8450560652395515,0.9392330383480826,0.9011340625171149,-0.01038528226260449,-0.006483227619569321,True,False,False
age_recode,85-89 years,frozen_tree,1823,1700,123,0.9325287986834887,0.9550191991223258,0.970648067422261,0.9393865686329367,0.04243911219838037,0.06187313579711573,0.8447613823368074,0.9339506172839506,0.9028434103496682,-0.036697450138310383,-0.036543158283268484,True,False,False
age_recode,90+ years,frozen_tree,957,926,31,0.96760710553814,0.9801462904911181,0.9839055793991416,0.964991187589974,0.055696624175261,0.08747775475415309,0.845350052246604,0.9268011527377522,0.9061896071341038,-0.057104426661389374,-0.05880158045587025,True,False,False
age_recode,45-49 years,nested_pseudo90,341,249,92,0.7302052785923754,0.750733137829912,0.8871287128712871,0.8306977444600666,-0.03948820255159846,-0.04409942354605667,0.844574780058651,0.9013035381750466,0.8293167002894137,0.014174825303759464,-0.0013810441706528787,False,True,True
age_recode,55-59 years,nested_pseudo90,1821,1443,378,0.7924217462932455,0.8215266337177375,0.9003062266076897,0.8344849407078724,-0.026310688815195937,-0.0403122272982509,0.8451400329489291,0.9020791415157612,0.8305677306814276,0.0017729149080715212,-0.00391721002644474,True,True,True
age_recode,50-54 years,nested_pseudo90,789,607,182,0.7693282636248415,0.7959442332065906,0.9052631578947369,0.8484323247009431,-0.02135375752814872,-0.026364843305180186,0.8453738910012675,0.9215070643642073,0.863734305470776,0.01624390646947038,0.015301980769832912,True,True,True
age_recode,65-69 years,nested_pseudo90,3851,3076,775,0.7987535705011686,0.8088808101791742,0.906477144241641,0.8481826777067698,-0.020139771181244548,-0.026614490299353477,0.8449753310828356,0.9156398104265403,0.8542893054222477,0.009162666184899249,0.006106627715477875,True,True,True
age_recode,60-64 years,nested_pseudo90,2925,2348,577,0.8027350427350427,0.8116239316239316,0.9119017365523083,0.8565302397209181,-0.014715178870577272,-0.018266928285205153,0.8451282051282051,0.91701244813278,0.8567752336112324,0.005110711580471716,0.0002449938903142934,True,False,False
age_recode,70-74 years,nested_pseudo90,4233,3425,808,0.8091188282541932,0.8223482163949918,0.9220967274833478,0.8711374631169515,-0.00452018793953779,-0.0036597048891717776,0.8450271674935034,0.9243073407597829,0.8696524878100804,0.002210613276435125,-0.0014849753068710836,True,False,False
age_recode,75-79 years,nested_pseudo90,4027,3362,665,0.8348646635212317,0.8512540352619816,0.9290132547864507,0.8777647633058241,0.002396339363565092,0.0029675952997008093,0.8450459399056369,0.9277161862527716,0.8770064214797525,-0.0012970685336790577,-0.0007583418260715957,True,False,False
age_recode,80-84 years,nested_pseudo90,2943,2598,345,0.8827726809378186,0.8970438328236493,0.9473081328751431,0.9035549047791972,0.02069121745225755,0.028757736773073916,0.8450560652395515,0.9360865290068829,0.8960147906733409,-0.01122160386826021,-0.00754011410585631,True,False,False
age_recode,85-89 years,nested_pseudo90,1823,1700,123,0.9325287986834887,0.9522764673614921,0.9691501746216531,0.9371747573072386,0.04253325919876749,0.062377589301115366,0.8447613823368074,0.9339506172839506,0.9028434103496682,-0.035199557337702525,-0.03433134695757045,True,False,False
age_recode,90+ years,nested_pseudo90,957,926,31,0.96760710553814,0.9811912225705329,0.9833780160857909,0.9634229864132531,0.056761100662905295,0.0886258184071298,0.845350052246604,0.9268011527377522,0.9061896071341038,-0.056576863348038686,-0.05723337927914929,True,False,False
age_recode,45-49 years,nested_pseudo90_nn20,341,249,92,0.7302052785923754,0.750733137829912,0.8871287128712871,0.8306977444600666,-0.04028422245209595,-0.045457555960905505,0.844574780058651,0.9013035381750466,0.8293167002894137,0.014174825303759464,-0.0013810441706528787,False,True,True
age_recode,55-59 years,nested_pseudo90_nn20,1821,1443,378,0.7924217462932455,0.8215266337177375,0.8989452194624021,0.8322253494547374,-0.028467715860980958,-0.043929950966234754,0.8451400329489291,0.903420523138833,0.832888720672093,0.004475303676430897,0.0006633712173556017,True,True,True
age_recode,50-54 years,nested_pseudo90_nn20,789,607,182,0.7693282636248415,0.7946768060836502,0.9076175040518638,0.8524839942599609,-0.01979543127151928,-0.023671306161011207,0.8453738910012675,0.9215070643642073,0.863734305470776,0.013889560312343452,0.0112503112108151,True,False,True
age_recode,65-69 years,nested_pseudo90_nn20,3851,3076,775,0.7987535705011686,0.8062840820566086,0.9076201261931727,0.850661139942625,-0.01979280913021042,-0.025494160478347072,0.8449753310828356,0.9146919431279621,0.8526521066067674,0.007071816934789421,0.001990966664142335,True,False,True
age_recode,60-64 years,nested_pseudo90_nn20,2925,2348,577,0.8027350427350427,0.8109401709401709,0.9135593220338983,0.8593861691530809,-0.013853613289484756,-0.016769131267891257,0.8451282051282051,0.9161825726141078,0.8553429859473448,0.002623250580209513,-0.004043183205736045,True,False,False
age_recode,70-74 years,nested_pseudo90_nn20,4233,3425,808,0.8091188282541932,0.8204583038034491,0.921716439547695,0.8709221590664793,-0.005696495775688093,-0.005233141354492821,0.8450271674935034,0.9243073407597829,0.8696524878100804,0.002590901212087937,-0.0012696712563988743,True,False,False
age_recode,75-79 years,nested_pseudo90_nn20,4027,3362,665,0.8348646635212317,0.8519990067047429,0.9303694980126601,0.8799258337257824,0.0029565626892770203,0.003770533304810253,0.8450459399056369,0.929490022172949,0.8800246688054028,-0.0008794758397111524,9.883507962038518e-05,True,False,False
age_recode,80-84 years,nested_pseudo90_nn20,2943,2598,345,0.8827726809378186,0.9001019367991845,0.9479702687249857,0.9039865416073156,0.020557333401602595,0.027831241186343503,0.8450560652395515,0.936479842674533,0.8966546996538126,-0.011490426050452696,-0.007331841953503004,True,False,False
age_recode,85-89 years,nested_pseudo90_nn20,1823,1700,123,0.9325287986834887,0.9550191991223258,0.970648067422261,0.9393865686329367,0.04323513209887786,0.06323126821196456,0.8447613823368074,0.9345679012345679,0.903751415860419,-0.03608016618769305,-0.03563515277251772,True,False,False
age_recode,90+ years,nested_pseudo90_nn20,957,926,31,0.96760710553814,0.9832810867293625,0.984467059453669,0.9649831112639806,0.05705412413028588,0.0888278108430085,0.845350052246604,0.9256484149855908,0.9047122781125936,-0.05881864446807816,-0.06027083315138704,True,False,False
derived_eod_composite_stage,M0 N0 T0-2 localized,frozen_tree,2566,1078,1488,0.4201091192517537,0.31644583008573657,0.6634920634920635,0.744869737377273,-0.2647168917318171,-0.13264369545854793,0.8448947778643804,0.6555760936537277,0.5115514573511973,-0.007915969838335757,-0.2333182800260757,True,True,True
derived_eod_composite_stage,M0 N0 T3-4 locally advanced,frozen_tree,611,404,207,0.6612111292962357,0.6366612111292962,0.8297604035308953,0.7808238017784315,-0.09844855169298528,-0.09668963105738948,0.8445171849427169,0.8391304347826087,0.7276022701193166,0.009370031251713429,-0.05322153165911492,True,True,True
derived_eod_composite_stage,M0 N1-3 node-positive,frozen_tree,1829,1323,506,0.7233460907599781,0.7266265718972116,0.8536953242835595,0.7874695770219101,-0.07451363094032104,-0.09004385581391083,0.8452706396938218,0.8769606134541652,0.7872244908444432,0.023265289170605663,-0.00024508617746688,True,True,True
derived_eod_composite_stage,EOD not applicable (88),frozen_tree,754,577,177,0.7652519893899205,0.7891246684350133,0.8822525597269625,0.8134791755849189,-0.0459563954969181,-0.06403425725090206,0.8448275862068966,0.8945634266886326,0.8171112370153117,0.012310866961670164,0.0036320614303928522,True,True,True
derived_eod_composite_stage,M1 distant/metastatic,frozen_tree,5321,4740,581,0.890809998120654,0.9424920127795527,0.9418759610456177,0.87842463199693,0.013667005821737077,0.0009111991611090442,0.8449539560233039,0.9159809441316588,0.8648908018857608,-0.0258950169139589,-0.013533830111169154,True,False,False
derived_eod_composite_stage,M0 indeterminate T/N,frozen_tree,932,833,99,0.8937768240343348,0.9366952789699571,0.9519343493552169,0.9019115516925458,0.02372539413133634,0.024398118856724826,0.8454935622317596,0.932757557063541,0.8922528300713759,-0.019176792291675904,-0.009658721621169875,True,False,False
derived_eod_composite_stage,EOD unavailable (all blank),frozen_tree,11987,10965,1022,0.9147409693834988,0.9399349295069659,0.9577186038143217,0.91531687950003,0.02950964859044114,0.037803446664209095,0.8449987486443647,0.9289845453683512,0.890692716736425,-0.028734058445970545,-0.024624162763605018,True,False,False
derived_eod_composite_stage,M0 N0 T0-2 localized,nested_pseudo90,2566,1078,1488,0.4201091192517537,0.32774746687451284,0.6670140698280355,0.7447811356840914,-0.25960284559485014,-0.13001603232203185,0.8448947778643804,0.6561922365988909,0.5124252472307121,-0.01082183322914454,-0.2323558884533793,True,True,True
derived_eod_composite_stage,M0 N0 T3-4 locally advanced,nested_pseudo90,611,404,207,0.6612111292962357,0.6448445171849427,0.8120300751879699,0.7558576404262981,-0.11458684023491572,-0.11893952757982518,0.8445171849427169,0.8369565217391305,0.7239212197155236,0.024926446551160608,-0.031936420710774516,True,True,True
derived_eod_composite_stage,M0 N1-3 node-positive,nested_pseudo90,1829,1323,506,0.7233460907599781,0.7342810278840897,0.8574643660915229,0.7909211105400736,-0.06915254933136272,-0.08387605746604965,0.8452706396938218,0.8755663994423144,0.7848134369163349,0.018102033350791524,-0.006107673623738763,True,True,True
derived_eod_composite_stage,EOD not applicable (88),nested_pseudo90,754,577,177,0.7652519893899205,0.7904509283819628,0.8729752770673487,0.7983837688773632,-0.053641638355536925,-0.0764133991287601,0.8448275862068966,0.8780889621087314,0.7885348677989542,0.005113685041382765,-0.009848901078408967,True,True,True
derived_eod_composite_stage,M1 distant/metastatic,nested_pseudo90,5321,4740,581,0.890809998120654,0.9381695170080812,0.9406083025071927,0.8777396325227073,0.013991387084307139,0.002942464516583976,0.8449539560233039,0.9148982243395409,0.8631497039719176,-0.025710078167651806,-0.014589928550789666,True,False,False
derived_eod_composite_stage,M0 indeterminate T/N,nested_pseudo90,932,833,99,0.8937768240343348,0.9195278969957081,0.9538461538461539,0.9111314761899342,0.027229238423268298,0.03633430818381089,0.8454935622317596,0.9315237507711289,0.8902758177791075,-0.022322403075024977,-0.020855658410826705,True,False,False
derived_eod_composite_stage,EOD unavailable (all blank),nested_pseudo90,11987,10965,1022,0.9147409693834988,0.9391006924167848,0.956079560795608,0.9123282765321188,0.029462645372722363,0.037531108525995505,0.8449987486443647,0.9282260358395752,0.889525215713583,-0.02785352495603277,-0.02280306081853578,True,False,False
derived_eod_composite_stage,M0 N0 T0-2 localized,nested_pseudo90_nn20,2566,1078,1488,0.4201091192517537,0.3250194855806703,0.6652719665271967,0.7441198858617643,-0.2621409687961864,-0.13203541455920786,0.8448947778643804,0.6568083795440542,0.5132990371102271,-0.008463586983142424,-0.2308208487515372,True,True,True
derived_eod_composite_stage,M0 N0 T3-4 locally advanced,nested_pseudo90_nn20,611,404,207,0.6612111292962357,0.6366612111292962,0.8171500630517023,0.7645885278360929,-0.11026287227168075,-0.11156677258487924,0.8445171849427169,0.8347826086956521,0.7202401693117304,0.017632545643949782,-0.044348358524362474,True,True,True
derived_eod_composite_stage,M0 N1-3 node-positive,nested_pseudo90_nn20,1829,1323,506,0.7233460907599781,0.7375615090213231,0.8607784431137725,0.7949181054812025,-0.0666344922096106,-0.08123719493976966,0.8452706396938218,0.8755663994423144,0.7848134369163349,0.014787956328541907,-0.01010466856486758,True,True,True
derived_eod_composite_stage,EOD not applicable (88),nested_pseudo90_nn20,754,577,177,0.7652519893899205,0.7944297082228117,0.8758503401360545,0.801761666924288,-0.05156259518732864,-0.07439363349668415,0.8448275862068966,0.8813838550247117,0.7942501416422257,0.005533514888657276,-0.007511525282062226,True,True,True
derived_eod_composite_stage,M1 distant/metastatic,nested_pseudo90_nn20,5321,4740,581,0.890809998120654,0.9398609283969179,0.9417924237757931,0.8794347561191339,0.014379488452409994,0.003279455698161793,0.8449539560233039,0.9148982243395409,0.8631497039719176,-0.026894199436252153,-0.016285052147216317,True,False,False
derived_eod_composite_stage,M0 indeterminate T/N,nested_pseudo90_nn20,932,833,99,0.8937768240343348,0.9184549356223176,0.9532267613972765,0.9102429867730716,0.025813826073893376,0.03408768635209947,0.8454935622317596,0.9302899444787168,0.8882988054868391,-0.022936816918559644,-0.021944181286232434,True,False,False
derived_eod_composite_stage,EOD unavailable (all blank),nested_pseudo90_nn20,11987,10965,1022,0.9147409693834988,0.9386835738716943,0.9563847504163479,0.9130822853134484,0.02897181509296476,0.036926984892476256,0.8449987486443647,0.9282260358395752,0.889525215713583,-0.02815871457677266,-0.023557069599865366,True,False,False
histologic_type_icdo3,8551,frozen_tree,514,150,364,0.2918287937743191,0.14396887159533073,0.5267857142857143,0.7685365902560571,-0.4014232409381663,-0.10897684257976381,0.8443579766536965,0.5068493150684932,0.39673013453728767,-0.019936399217221124,-0.37180645571876947,True,True,True
histologic_type_icdo3,8240,frozen_tree,323,104,219,0.3219814241486068,0.2631578947368421,0.6349206349206349,0.7800808065557981,-0.2932883203032457,-0.0974326262800228,0.8452012383900929,0.5411140583554377,0.416198129715052,-0.0938065765651972,-0.36388267684074616,False,True,True
histologic_type_icdo3,8550,frozen_tree,252,164,88,0.6507936507936508,0.5595238095238095,0.7213114754098361,0.6694727867806375,-0.2068974798140445,-0.20804064605518346,0.8452380952380952,0.7798408488063661,0.6285003499231031,0.05852937339652997,-0.04097243685753438,False,True,True
histologic_type_icdo3,8255,frozen_tree,253,153,100,0.6047430830039525,0.5652173913043478,0.7837837837837838,0.7487854879159226,-0.1444251714400968,-0.12872794491989836,0.8458498023715415,0.8174386920980926,0.6990777906801869,0.03365490831430884,-0.04970769723573565,False,True,True
histologic_type_icdo3,8071,frozen_tree,293,207,86,0.7064846416382252,0.6723549488054608,0.8712871287128713,0.8252048022939787,-0.0569218265110093,-0.052308630541842205,0.8464163822525598,0.865934065934066,0.7686093860806624,-0.0053530627788053176,-0.05659541621331632,False,True,True
histologic_type_icdo3,8140,frozen_tree,8941,7378,1563,0.8251873392238005,0.8482272676434404,0.9173907231653522,0.8578358265716343,-0.010818232058528388,-0.019677606264186687,0.8449837825746561,0.9172972610995781,0.8585456468864571,-9.346206577409699e-05,0.0007098203148228066,True,False,False
histologic_type_icdo3,8046,frozen_tree,1260,1093,167,0.8674603174603175,0.9142857142857143,0.9354120267260579,0.8740879363151078,0.007203071502177361,-0.0034254965207131116,0.8452380952380952,0.9193697868396663,0.8663495704632627,-0.01604223988639164,-0.007738365851845175,True,False,False
histologic_type_icdo3,8070,frozen_tree,3956,3451,505,0.8723458038422649,0.9059656218402427,0.9398720682302771,0.8859766989463275,0.011663113006396553,0.008463266110506518,0.8450455005055612,0.9237562555195761,0.8743434064192314,-0.01611581271070106,-0.011633292527096106,True,False,False
histologic_type_icdo3,8041,frozen_tree,2687,2496,191,0.9289170078154075,0.9665053963528099,0.9624975456508934,0.916847134785571,0.03428859042701282,0.039333701949750055,0.8451804986974321,0.9272078875603105,0.8917465866968084,-0.03528965809058293,-0.02510054808876261,True,False,False
histologic_type_icdo3,8010,frozen_tree,963,899,64,0.9335410176531672,0.9667705088265836,0.9704918032786886,0.9350697104335837,0.042282848054807975,0.05755627759776272,0.8452751817237798,0.9281961471103327,0.8945904359016781,-0.042295656168355844,-0.040479274531905585,True,False,False
histologic_type_icdo3,8246,frozen_tree,221,205,16,0.9276018099547512,0.9230769230769231,0.9779951100244498,0.959843263309393,0.04978615480056925,0.08232983047357201,0.8461538461538461,0.9387755102040817,0.9084569212300305,-0.039219599820368156,-0.051386342079362435,False,False,False
histologic_type_icdo3,8000,frozen_tree,2330,2241,89,0.9618025751072962,0.9798283261802575,0.9827586206896551,0.9615098503512696,0.054549665465774555,0.08399641751544862,0.8450643776824034,0.9263657957244655,0.9028646511190627,-0.0563928249651896,-0.0586451992322069,True,False,False
histologic_type_icdo3,8551,nested_pseudo90,514,150,364,0.2918287937743191,0.1926070038910506,0.5943775100401606,0.7898108720853153,-0.332239405382725,-0.08498629592080797,0.8443579766536965,0.5034246575342466,0.3925407604715744,-0.090952852505914,-0.39727011161374093,True,True,True
histologic_type_icdo3,8240,nested_pseudo90,323,104,219,0.3219814241486068,0.23219814241486067,0.6033519553072626,0.7692046443961729,-0.323264960115623,-0.10559252360995042,0.8452012383900929,0.5411140583554377,0.416198129715052,-0.06223789695182491,-0.3530065146811209,False,True,True
histologic_type_icdo3,8550,nested_pseudo90,252,164,88,0.6507936507936508,0.5912698412698413,0.7284345047923323,0.6678609330199248,-0.1981824106305533,-0.2069362349861985,0.8452380952380952,0.7745358090185677,0.6195485511260695,0.04610130422623537,-0.04831238189385523,False,True,True
histologic_type_icdo3,8255,nested_pseudo90,253,153,100,0.6047430830039525,0.5612648221343873,0.7932203389830509,0.7606828429160938,-0.1333965764398347,-0.1141143250900295,0.8458498023715415,0.8119891008174387,0.6900950381631776,0.018768761834387804,-0.07058780475291615,False,True,True
histologic_type_icdo3,8071,nested_pseudo90,293,207,86,0.7064846416382252,0.6655290102389079,0.8557213930348259,0.8055482344915872,-0.07089552238805974,-0.06924893351453609,0.8464163822525598,0.8703296703296703,0.7761959635862145,0.014608277294844485,-0.029352270905372735,False,True,True
histologic_type_icdo3,8140,nested_pseudo90,8941,7378,1563,0.8251873392238005,0.8465496029526899,0.9165718873352512,0.8568831323826662,-0.010045028087634411,-0.01791403562345706,0.8449837825746561,0.9162258086117994,0.8567130398825569,-0.0003460787234518259,-0.0001700925001093534,True,False,False
histologic_type_icdo3,8046,nested_pseudo90,1260,1093,167,0.8674603174603175,0.9071428571428571,0.9320214669051878,0.8700945886009757,0.005404551482302233,-0.004702579405147622,0.8452380952380952,0.9147358665430955,0.8586685112944848,-0.017285600362092368,-0.011426077306490812,True,False,False
histologic_type_icdo3,8070,nested_pseudo90,3956,3451,505,0.8723458038422649,0.903690596562184,0.9365214916026189,0.880365453802004,0.009904576179733282,0.005568285795880756,0.8450455005055612,0.9231675007359434,0.8733730852332794,-0.013353990866675436,-0.0069923685687246495,True,False,False
histologic_type_icdo3,8041,nested_pseudo90,2687,2496,191,0.9289170078154075,0.9620394491998512,0.963196221216296,0.9204453830536248,0.0365793057934104,0.045648215047501495,0.8451804986974321,0.9272078875603105,0.8917465866968084,-0.03598833365598553,-0.02869879635681638,True,False,False
histologic_type_icdo3,8010,nested_pseudo90,963,899,64,0.9335410176531672,0.9636552440290758,0.969896004378763,0.9349750284329724,0.0432790889558774,0.06017786042684914,0.8452751817237798,0.9281961471103327,0.8945904359016781,-0.041699857268430285,-0.04038459253129434,True,False,False
histologic_type_icdo3,8246,nested_pseudo90,221,205,16,0.9276018099547512,0.9366515837104072,0.9757281553398058,0.9533526629471804,0.049111239916920235,0.07855549494105707,0.8461538461538461,0.9387755102040817,0.9084569212300305,-0.03695264513572416,-0.04489574171714983,False,False,False
histologic_type_icdo3,8000,nested_pseudo90,2330,2241,89,0.9618025751072962,0.9772532188841202,0.9809650287737938,0.9585584639619603,0.05434811335090817,0.08376129595583703,0.8450643776824034,0.9258907363420428,0.9022379714488632,-0.05507429243175099,-0.05632049251309712,True,False,False
histologic_type_icdo3,8551,nested_pseudo90_nn20,514,150,364,0.2918287937743191,0.1828793774319066,0.5901639344262295,0.7900700753606283,-0.3372490008971536,-0.08608522506034377,0.8443579766536965,0.5068493150684932,0.39673013453728767,-0.08331461935773632,-0.3933399408233407,True,True,True
histologic_type_icdo3,8240,nested_pseudo90_nn20,323,104,219,0.3219814241486068,0.25077399380804954,0.6270270270270271,0.7784274580349877,-0.30038590829635603,-0.09772784238598442,0.8452012383900929,0.5464190981432361,0.4229472842848202,-0.08060792888379098,-0.3554801737501675,False,True,True
histologic_type_icdo3,8550,nested_pseudo90_nn20,252,164,88,0.6507936507936508,0.5912698412698413,0.7284345047923323,0.6678609330199248,-0.1989784305310508,-0.20829436740104734,0.8452380952380952,0.7798408488063661,0.6285003499231031,0.05140634401403377,-0.039360583096821666,False,True,True
histologic_type_icdo3,8255,nested_pseudo90_nn20,253,153,100,0.6047430830039525,0.5731225296442688,0.8053691275167785,0.7720824550413111,-0.12204380780660462,-0.104072845379661,0.8458498023715415,0.8119891008174387,0.6900950381631776,0.00661997330066022,-0.08198741687813349,False,True,True
histologic_type_icdo3,8071,nested_pseudo90_nn20,293,207,86,0.7064846416382252,0.6621160409556314,0.8528678304239401,0.8024457811287665,-0.074545104899443,-0.0737095192922056,0.8464163822525598,0.865934065934066,0.7686093860806624,0.013066235510125868,-0.033836395048104095,False,True,True
histologic_type_icdo3,8140,nested_pseudo90_nn20,8941,7378,1563,0.8251873392238005,0.8495693993960407,0.9179911847201816,0.8585068868172814,-0.009421750603201495,-0.017648413603690738,0.8449837825746561,0.9171633295386058,0.8583165710109696,-0.0008278551815757984,-0.00019031580631179157,True,False,False
histologic_type_icdo3,8046,nested_pseudo90_nn20,1260,1093,167,0.8674603174603175,0.9087301587301587,0.9320822162645219,0.8696441888729837,0.004669280941138831,-0.006511111547988446,0.8452380952380952,0.9147358665430955,0.8586685112944848,-0.017346349721426457,-0.010975677578498821,True,False,False
histologic_type_icdo3,8070,nested_pseudo90_nn20,3956,3451,505,0.8723458038422649,0.8996461071789686,0.9366619115549215,0.8819108507361415,0.00924897623153842,0.005755550315169389,0.8450455005055612,0.9231675007359434,0.8733730852332794,-0.013494410818978064,-0.008537765502862116,True,False,False
histologic_type_icdo3,8041,nested_pseudo90_nn20,2687,2496,191,0.9289170078154075,0.9586899888351321,0.9629337539432177,0.9213181941163436,0.03552081861983458,0.04516289369537152,0.8451804986974321,0.9272078875603105,0.8917465866968084,-0.0357258663829072,-0.02957160741953524,True,False,False
histologic_type_icdo3,8010,nested_pseudo90_nn20,963,899,64,0.9335410176531672,0.9657320872274143,0.9699289229086933,0.9342444879554526,0.042515987585310167,0.058089187534480446,0.8452751817237798,0.9293636894337419,0.8963044125536831,-0.040565233474951334,-0.03794007540176947,True,False,False
histologic_type_icdo3,8246,nested_pseudo90_nn20,221,205,16,0.9276018099547512,0.9366515837104072,0.9757281553398058,0.9533526629471804,0.048315220016422744,0.07719736252620824,0.8461538461538461,0.9387755102040817,0.9084569212300305,-0.03695264513572416,-0.04489574171714983,False,False,False
histologic_type_icdo3,8000,nested_pseudo90_nn20,2330,2241,89,0.9618025751072962,0.9755364806866953,0.9818342933097032,0.9610748282992195,0.054421357986320085,0.08491952787824741,0.8450643776824034,0.9263657957244655,0.9028646511190627,-0.05546849758523764,-0.058210177180156863,True,False,False
