dimension,slice,candidate,fold_global_policy_dead_class_f1_mean,fold_global_policy_dead_class_f1_std,fold_global_policy_dead_class_f1_min,fold_global_policy_dead_class_f1_max,fold_global_policy_weighted_f1_mean,fold_global_policy_weighted_f1_std,fold_global_policy_weighted_f1_min,fold_global_policy_weighted_f1_max,fold_within_slice_dead_class_f1_mean,fold_within_slice_dead_class_f1_std,fold_within_slice_dead_class_f1_min,fold_within_slice_dead_class_f1_max,fold_within_slice_weighted_f1_mean,fold_within_slice_weighted_f1_std,fold_within_slice_weighted_f1_min,fold_within_slice_weighted_f1_max
GLOBAL,all rows,frozen_tree,0.9280099502487562,0.0014779553012451297,0.926865671641791,0.9305970149253732,0.8771738997321087,0.0025216191216627993,0.8752215843857634,0.8815878300803675,0.9280099502487562,0.0014779553012451297,0.926865671641791,0.9305970149253732,0.8771738997321087,0.0025216191216627993,0.8752215843857634,0.8815878300803675
GLOBAL,all rows,nested_pseudo90,0.9266666666666665,0.002171457994308003,0.9241293532338308,0.9296019900497512,0.8748820512820513,0.0037048414087500793,0.8705530042097206,0.8798901645618064,0.9266666666666665,0.002171457994308003,0.9241293532338308,0.9296019900497512,0.8748820512820513,0.0037048414087500793,0.8705530042097206,0.8798901645618064
GLOBAL,all rows,nested_pseudo90_nn20,0.9271641791044776,0.001889565076102727,0.9248756218905473,0.9296019900497512,0.8757308840413319,0.00322388872215065,0.8718262533486416,0.8798901645618064,0.9271641791044776,0.001889565076102727,0.9248756218905473,0.9296019900497512,0.8757308840413319,0.00322388872215065,0.8718262533486416,0.8798901645618064
age_recode,45-49 years,frozen_tree,0.9014621957893798,0.028177012472431172,0.875,0.9484536082474226,0.8568654495773046,0.034430652847822235,0.8323575331772052,0.9168351597147683,0.895930735930736,0.03779172701455283,0.8444444444444444,0.9494949494949495,0.8216811236816403,0.06316450046679874,0.7381375227686703,0.9134520945404085
age_recode,45-49 years,nested_pseudo90,0.8861169901465354,0.025742378884050093,0.8656716417910447,0.9278350515463918,0.8309105250451626,0.03630282895829961,0.7916188289322618,0.8835692236006756,0.8930735930735931,0.03926837915774357,0.8444444444444444,0.9494949494949495,0.8167726987732153,0.06581275535475331,0.7381375227686703,0.9134520945404085
age_recode,45-49 years,nested_pseudo90_nn20,0.8905468587386303,0.02900745381374001,0.8656716417910447,0.9375,0.8374937335480883,0.04226099097405309,0.7916188289322618,0.9018682588597843,0.8930735930735931,0.03926837915774357,0.8444444444444444,0.9494949494949495,0.8167726987732153,0.06581275535475331,0.7381375227686703,0.9134520945404085
age_recode,50-54 years,frozen_tree,0.9103419736116576,0.02753379444628012,0.8646288209606987,0.937984496124031,0.8557079683726748,0.0419782918330526,0.7878524659244354,0.9006211180124224,0.9164195055253292,0.030370818067715473,0.865546218487395,0.9433962264150944,0.8559832090469198,0.051910894515929,0.7691585725199171,0.9023419911550821
age_recode,50-54 years,nested_pseudo90,0.9045496086911748,0.02846731355316848,0.8547008547008547,0.921875,0.8470176324767096,0.04875435885199308,0.7608607608607609,0.8771733248635423,0.917917314924194,0.034824202068437324,0.8571428571428571,0.9429657794676806,0.8585762105072829,0.05955373446265508,0.7547309833024118,0.9017410446267761
age_recode,50-54 years,nested_pseudo90_nn20,0.9054054902565877,0.02967676218720424,0.8547008547008547,0.9260700389105059,0.8479532054407543,0.050469836412825535,0.7608607608607609,0.8850972593883746,0.9179404180728579,0.03125795088262035,0.865546218487395,0.9433962264150944,0.8586034478568724,0.05345249369893507,0.7691585725199171,0.9023419911550821
age_recode,55-59 years,frozen_tree,0.9026984136024672,0.014290206038749038,0.8856682769726248,0.9238938053097345,0.8382890490097086,0.024164397940903977,0.8147955361269225,0.8754113405440839,0.9047860062379321,0.012259072226611366,0.889937106918239,0.9201388888888888,0.8351638320323531,0.02112038890985016,0.8095377034299422,0.8619175627240143
age_recode,55-59 years,nested_pseudo90,0.9020570643598461,0.016267550276330735,0.8774193548387097,0.9203539823008849,0.8373286756099818,0.027444130250835027,0.8022443358658855,0.8696165191740414,0.9033765358867519,0.010833875064530896,0.889937106918239,0.9166666666666666,0.8327228439485467,0.018651871562428694,0.8095377034299422,0.8559139784946235
age_recode,55-59 years,nested_pseudo90_nn20,0.9006407082032115,0.01743068778386973,0.8737864077669902,0.9184397163120568,0.8351606765947917,0.027659754829702635,0.7980220172839099,0.867104714226116,0.9047188782290944,0.010867277658862666,0.889937106918239,0.9166666666666666,0.8350466177120573,0.01871981287510112,0.8095377034299422,0.8559139784946235
age_recode,60-64 years,frozen_tree,0.912356571413207,0.012551583992461503,0.893970893970894,0.9240924092409241,0.857351955157904,0.02027059519805576,0.8259176084497262,0.8765994640851434,0.9167913933379893,0.011624252194075932,0.8981670061099797,0.9262720664589823,0.8565211030599926,0.02058931517628291,0.8232123339315965,0.8731686198493266
age_recode,60-64 years,nested_pseudo90,0.9118211750433236,0.009164813067600799,0.9012345679012346,0.9225874867444327,0.8566800623739189,0.01678573821972135,0.8333812673760905,0.8745748027711513,0.9167431828641075,0.011480081757540644,0.8981670061099797,0.9283489096573209,0.8564340836754637,0.02038271665859708,0.8232123339315965,0.8767413347831485
age_recode,60-64 years,nested_pseudo90_nn20,0.9130892174222864,0.01150039531367191,0.8989690721649485,0.926829268292683,0.8585709335445155,0.020484427004129422,0.8305019211342413,0.8814474163179375,0.9158892070544118,0.009573499215557665,0.90020366598778,0.9241952232606438,0.8549679223080229,0.017127447817429396,0.8267480872529646,0.8695959049155049
age_recode,65-69 years,frozen_tree,0.9074179978987049,0.005873626834079676,0.8986710963455149,0.914380714879468,0.8504613178890047,0.008386013203705018,0.838451493416853,0.8613562670710048,0.9136715920707651,0.008095455665724676,0.9024979854955681,0.9229583975346687,0.8509038283681087,0.01421045456019369,0.8312528826155606,0.8673701079992242
age_recode,65-69 years,nested_pseudo90,0.9072929408720289,0.0044865382326435615,0.900990099009901,0.9129411764705883,0.8493250989636489,0.007542956422059428,0.8395089756117083,0.8576735929589279,0.9158964590172545,0.00696026295120256,0.9073327961321515,0.926040061633282,0.8547469743980114,0.012251662002378845,0.8396205082709872,0.8726753036792553
age_recode,65-69 years,nested_pseudo90_nn20,0.9076309925721373,0.005660293678313893,0.8984310487200661,0.9129411764705883,0.850435247183959,0.00946218453666137,0.8357071698910071,0.8584598774392965,0.9152555530030778,0.006146769186394437,0.9073327961321515,0.9244992295839753,0.8536407109828008,0.010872903526463987,0.8396205082709872,0.8700227058392397
age_recode,70-74 years,frozen_tree,0.92168571871978,0.004022577440754749,0.9180565627266135,0.9277456647398844,0.870323147561128,0.006065447556958243,0.8633227922847212,0.8785891449746631,0.9274144877070395,0.005299342292057355,0.9200283085633404,0.93361285814116,0.8750256814959307,0.009569653646942634,0.8617369965913817,0.886477168979394
age_recode,70-74 years,nested_pseudo90,0.9217755055764476,0.006138849578475635,0.9141630901287554,0.9291907514450867,0.8706944987543087,0.010585069206320722,0.8561292550365486,0.881178654330882,0.9248606279946652,0.005504904555776956,0.9186128803963199,0.9308176100628931,0.8706292139921761,0.00992384624377897,0.8592898637876895,0.8816972603048423
age_recode,70-74 years,nested_pseudo90_nn20,0.9205531802677974,0.005619010195072389,0.9120800571837027,0.9276410998552822,0.8690783096607664,0.010101992377518567,0.8523418860834399,0.878921734801046,0.9257268401678929,0.007628346880147729,0.9143665958952583,0.9333333333333333,0.8721124720037048,0.013564766960104134,0.8519484653766122,0.8852858924376572
age_recode,75-79 years,frozen_tree,0.9303999997502587,0.0059776912074873435,0.9205397301349325,0.9357249626307922,0.8803387236227971,0.010647150170544562,0.8645391589919327,0.8899731390981528,0.9306283128457908,0.005366259100585924,0.9214659685863874,0.9343907714491708,0.8819797920664396,0.00981470252350786,0.865192626631279,0.8887679871510424
age_recode,75-79 years,nested_pseudo90,0.92808769255447,0.00674641614922316,0.9164785553047404,0.9321789321789322,0.876219016388535,0.010408568380387555,0.8592096613456611,0.8852840389082114,0.927065240917482,0.006645706502385705,0.9169783096484667,0.9329488103821196,0.8759133086238465,0.01198307542231598,0.8574893481530665,0.8863233275279885
age_recode,75-79 years,nested_pseudo90_nn20,0.9292919356677617,0.007562885820016693,0.9167291822955739,0.9355539464156408,0.8780713307520995,0.01299585261285661,0.8583654826862309,0.8922274154286631,0.9294131126655563,0.007853931658572537,0.9169783096484667,0.9372746935832732,0.8798971851271201,0.014041634947973242,0.8574893481530665,0.8936573063971506
age_recode,80-84 years,frozen_tree,0.9498465303352358,0.00803753386078204,0.9420160570918823,0.9612109744560076,0.9081899108469826,0.015471009858263348,0.8927120608526328,0.9292208206990107,0.9378083583084408,0.006158472178071833,0.9289392378990731,0.9452054794520548,0.898972712391146,0.011734471287753347,0.8828292049443971,0.9131341655368025
age_recode,80-84 years,nested_pseudo90,0.9479589633992136,0.008266593548832251,0.9371884346959123,0.9575518262586377,0.9043628440766993,0.01658481785005287,0.8823016528522739,0.9203260813694336,0.9361614463263581,0.005136799760688514,0.9289392378990731,0.9412915851272016,0.8963799986090406,0.009376434568603412,0.8828292049443971,0.9069294630751454
age_recode,80-84 years,nested_pseudo90_nn20,0.9483989899028137,0.007542256734590733,0.9402390438247012,0.9555774925962488,0.9049745053757572,0.01544290710934444,0.8874895735080879,0.9168065392097573,0.9369819591468709,0.004894043400190667,0.9289392378990731,0.9412915851272016,0.8976869583160003,0.009384001072067969,0.8828292049443971,0.9069294630751454
age_recode,85-89 years,frozen_tree,0.9706456813804174,0.006072649371705825,0.9626436781609196,0.9773755656108597,0.9393879406280904,0.010152082644357959,0.9282979991485737,0.9495704636369597,0.9334119603542105,0.0052791992470464805,0.9273021001615509,0.9381598793363499,0.9024963500390573,0.005694748518123519,0.895764020237367,0.9094497526064212
age_recode,85-89 years,nested_pseudo90,0.969519701440467,0.00919941030679895,0.953757225433526,0.9766718506998445,0.9380168976453026,0.014790238084173837,0.9146666666666666,0.9530729613521675,0.9328526887384726,0.005290350874525245,0.92524682651622,0.9393468118195957,0.9016687084100303,0.005992939637835408,0.8916763347564794,0.9074874139657413
age_recode,85-89 years,nested_pseudo90_nn20,0.9713083569569818,0.006349307334919589,0.9611510791366906,0.9766718506998445,0.9407698416604451,0.010818725246670498,0.9261917593198168,0.9530729613521675,0.9333589545455695,0.0025472601740984544,0.9305331179321487,0.9362363919129082,0.9023549355661367,0.0017362231461822075,0.8998517057182546,0.9046839501120223
age_recode,90+ years,frozen_tree,0.9831345033410754,0.008118588950966241,0.969187675070028,0.98989898989899,0.9639626923746315,0.020005063454384884,0.929522411875353,0.9777727772777278,0.927027809593306,0.004323683446262612,0.921832884097035,0.9329073482428115,0.9073185684639535,0.006084196800240408,0.9005021508509145,0.9139059458506498
age_recode,90+ years,nested_pseudo90,0.9820515599474213,0.009116783367056302,0.9662921348314607,0.99,0.9615833679045457,0.0206248765873033,0.9262331352218992,0.9801980198019802,0.927027809593306,0.004323683446262612,0.921832884097035,0.9329073482428115,0.9073185684639535,0.006084196800240408,0.9005021508509145,0.9139059458506498
age_recode,90+ years,nested_pseudo90_nn20,0.9836894774369795,0.008245132467944817,0.9720670391061452,0.9950248756218906,0.9623965309582033,0.01928514671421356,0.9328853993658462,0.9851731441800897,0.927027809593306,0.004323683446262612,0.921832884097035,0.9329073482428115,0.9073185684639535,0.006084196800240408,0.9005021508509145,0.9139059458506498
derived_eod_composite_stage,EOD not applicable (88),frozen_tree,0.8821700706510933,0.020862906324831103,0.8508771929824561,0.9090909090909091,0.8137182055402196,0.040799712482534826,0.7489331436699858,0.8591739310917393,0.8921005329258103,0.021191825368232338,0.8608695652173913,0.9173553719008265,0.8133625029388714,0.036583604818978856,0.76042445607663,0.857461764985276
derived_eod_composite_stage,EOD not applicable (88),nested_pseudo90,0.8724221461876767,0.018091589674789823,0.853448275862069,0.896551724137931,0.7969008121152988,0.04030545319143624,0.7416778308480895,0.8409036860879905,0.8839855433231308,0.02462214262701303,0.8521739130434782,0.9173553719008265,0.7993009152423722,0.04267353513277603,0.7454509845814193,0.857461764985276
derived_eod_composite_stage,EOD not applicable (88),nested_pseudo90_nn20,0.8747601193972155,0.016487849091969375,0.8604651162790697,0.8974358974358975,0.7988728216156908,0.03442996631692954,0.7568732525629077,0.8389794113932045,0.8858109116307127,0.020772305039918153,0.8608695652173913,0.9090909090909091,0.8024427890859661,0.03619533356836087,0.76042445607663,0.8432079414838034
derived_eod_composite_stage,EOD unavailable (all blank),frozen_tree,0.9575449416047628,0.002211674885070702,0.9550763701707098,0.9603624009060022,0.9149386347162981,0.0053066939922711,0.9099515700065266,0.9218402174253548,0.9288855564199527,0.004489170374332777,0.9232591189009948,0.9353846153846154,0.8905418653953567,0.007104552793543863,0.8824225771084312,0.9012837159748679
derived_eod_composite_stage,EOD unavailable (all blank),nested_pseudo90,0.956352709501903,0.0026541555928591932,0.952808988764045,0.9596737652922519,0.9129007990693584,0.006085041482326367,0.9057297019442682,0.9206110596269608,0.9283218508080907,0.0033951373806008246,0.9251539554713406,0.9325443786982248,0.8896730419041041,0.005549157406578939,0.8853257233526676,0.8969445386550816
derived_eod_composite_stage,EOD unavailable (all blank),nested_pseudo90_nn20,0.956210774581822,0.0029165795091436893,0.9534935969445069,0.9595505617977528,0.912692304472486,0.006672808179148123,0.9068366658916195,0.9199409672165907,0.9286031619742208,0.0036604039786228434,0.9246802463287541,0.9339644970414201,0.8901058931050203,0.005923230471481457,0.8845999367916085,0.899114127314975
derived_eod_composite_stage,M0 N0 T0-2 localized,frozen_tree,0.6595172949812225,0.03794260611844054,0.6072423398328691,0.697560975609756,0.7431894166294672,0.018472570473628196,0.715788517695956,0.7596720575022461,0.6549708591972065,0.019355582651623154,0.6330708661417322,0.6814159292035398,0.5109484434841068,0.018548884511980692,0.49134382254464126,0.5386646954139434
derived_eod_composite_stage,M0 N0 T0-2 localized,nested_pseudo90,0.6654898064768606,0.02943529656583019,0.6270270270270271,0.6995073891625616,0.7442275092646012,0.014532084983563865,0.7242589088794652,0.7605598561263586,0.6562297112746591,0.01861929358841665,0.6362204724409449,0.6814159292035398,0.5127246138773781,0.017328965416150543,0.49570996999061,0.5386646954139434
derived_eod_composite_stage,M0 N0 T0-2 localized,nested_pseudo90_nn20,0.6633132809269873,0.03557826838785638,0.6153846153846154,0.6995073891625616,0.743474443615541,0.01740572629022449,0.7189650920341681,0.7605598561263586,0.6568377434506808,0.019935115532416132,0.6362204724409449,0.6814159292035398,0.5136228123064576,0.01889077240020631,0.4940164272256241,0.5386646954139434
derived_eod_composite_stage,M0 N0 T3-4 locally advanced,frozen_tree,0.8277926814100907,0.024649304224225822,0.8064516129032258,0.8590604026845637,0.7805003990493072,0.027324640607720222,0.7482694381802137,0.8204147299682415,0.8382960372980817,0.039342147227956654,0.7733333333333333,0.8651162790697674,0.7301847665009179,0.05593020256542398,0.6395443925233646,0.7695118834653718
derived_eod_composite_stage,M0 N0 T3-4 locally advanced,nested_pseudo90,0.8106706900050356,0.010962365520437455,0.8,0.8289473684210527,0.7556904867704622,0.018675331780206736,0.7371929824561404,0.7758620689655172,0.8356646401122922,0.04528817922295377,0.76,0.8720379146919431,0.7260354353015962,0.06530589979076695,0.618341121495327,0.7792433127158808
derived_eod_composite_stage,M0 N0 T3-4 locally advanced,nested_pseudo90_nn20,0.8154670761378959,0.014146734561941696,0.7933884297520661,0.8289473684210527,0.7635733009008219,0.007788206661052413,0.7557610241820768,0.7758620689655172,0.8356646401122922,0.04528817922295377,0.76,0.8720379146919431,0.7260354353015962,0.06530589979076695,0.618341121495327,0.7792433127158808
derived_eod_composite_stage,M0 N1-3 node-positive,frozen_tree,0.8541967558909593,0.006506314334663071,0.8438133874239351,0.8602150537634409,0.787610321379846,0.007129637979758076,0.7778420593624756,0.7945498263425059,0.8777073979403076,0.008606516489125839,0.8682745825602969,0.8864468864468864,0.7886648918932762,0.014464215007329589,0.7737268233097869,0.803725313811769
derived_eod_composite_stage,M0 N1-3 node-positive,nested_pseudo90,0.8590067395455809,0.011297968502656386,0.842741935483871,0.8737864077669902,0.793062748148272,0.014884046782437961,0.7739272160477094,0.8096077318523286,0.8742450369095964,0.009002920859030787,0.8645640074211502,0.8864468864468864,0.7826791886556215,0.015182225266342619,0.7673529310086542,0.803725313811769
derived_eod_composite_stage,M0 N1-3 node-positive,nested_pseudo90_nn20,0.8593444309898104,0.012579560104397902,0.8404040404040404,0.8704061895551257,0.7933820554301148,0.016789745827483507,0.7713829585049098,0.8145392216172616,0.8722591750281392,0.010720212008301002,0.86,0.8864468864468864,0.7792412245088463,0.01831030705777592,0.7577426153700966,0.803725313811769
derived_eod_composite_stage,M0 indeterminate T/N,frozen_tree,0.9517142538283292,0.007834041930227917,0.9447852760736196,0.9614243323442137,0.9021692156783075,0.015354523683106667,0.8824373650478116,0.9224875575023944,0.9306142027409026,0.014055503521466733,0.9090909090909091,0.9483282674772037,0.8892326280759721,0.023400933823580036,0.8514372778059929,0.9159256044272469
derived_eod_composite_stage,M0 indeterminate T/N,nested_pseudo90,0.9523650477858961,0.009076715151818881,0.9422492401215805,0.9614243323442137,0.9089630322984756,0.01578055711335521,0.8895173323154864,0.9245039682539683,0.9306020522755581,0.011389756927466065,0.9155844155844156,0.9422492401215805,0.8891274833090786,0.019592063896866227,0.8620489008198506,0.9060344990657466
derived_eod_composite_stage,M0 indeterminate T/N,nested_pseudo90_nn20,0.9529016417226988,0.011006276087664382,0.937888198757764,0.96398891966759,0.9094965617145938,0.021006269867043303,0.8772414803505404,0.9287838806329431,0.9293033509768568,0.013671804887012223,0.9090909090909091,0.9422492401215805,0.887005158706307,0.02345301965417682,0.8514372778059929,0.9060344990657466
derived_eod_composite_stage,M1 distant/metastatic,frozen_tree,0.9417586609622705,0.002362052597237652,0.9395833333333333,0.9456740442655935,0.8780580796439086,0.006970663200987035,0.8702275169449496,0.8885451900296547,0.9163688278998313,0.004709196120821417,0.9131622064445658,0.9247083775185578,0.8655415960205094,0.00821097259174556,0.8600999684845869,0.8800478620226405
derived_eod_composite_stage,M1 distant/metastatic,nested_pseudo90,0.9402842795682002,0.0044600403953661515,0.9337506520605112,0.9445564516129032,0.8768164638681546,0.012339129708265043,0.8591778718825951,0.8877857865409245,0.9146226180433346,0.007005496175554224,0.9102632993014508,0.926829268292683,0.8627104750056217,0.012034769098923722,0.8546844833936676,0.8834267954867915
derived_eod_composite_stage,M1 distant/metastatic,nested_pseudo90_nn20,0.9418649205823323,0.0028999349023151647,0.9392207792207792,0.9459868753154972,0.8796259896376217,0.01005918762656725,0.86708668776685,0.8917588897072662,0.9140009486661145,0.006557403999880367,0.9059645351961311,0.9236479321314952,0.8617303923065744,0.011074043746568719,0.8496541345625986,0.8783583952905649
histologic_type_icdo3,8000,frozen_tree,0.98274329226709,0.0047289209060495056,0.976054732041049,0.9873125720876585,0.9615091197546437,0.011489244894339966,0.9437513455757469,0.9731622002034644,0.9263003567842647,0.006705491663542714,0.9173272933182333,0.9349693251533743,0.9032358154624338,0.009241888210598844,0.8886170956222678,0.9101788355519698
histologic_type_icdo3,8000,nested_pseudo90,0.9809355277930768,0.0032785687997282462,0.976054732041049,0.9837962962962963,0.9585639049280157,0.008583096661869731,0.9437513455757469,0.9646365115115114,0.9257809799774638,0.005518029392329274,0.9173272933182333,0.9325153374233128,0.9025259118101177,0.008116407861472292,0.8886170956222678,0.9089464021478422
histologic_type_icdo3,8000,nested_pseudo90_nn20,0.9820483939917175,0.002720890209818661,0.9782857142857143,0.984936268829664,0.9615509409085256,0.006879049515581426,0.9507968602825747,0.967877611098932,0.926271777523476,0.006317916966963847,0.9173272933182333,0.9349693251533743,0.9032129148297006,0.008567826718153624,0.8886170956222678,0.9089720999052611
histologic_type_icdo3,8010,frozen_tree,0.9705285836947347,0.008636323910274272,0.9595687331536388,0.9836956521739131,0.9351091127171054,0.018440681876975163,0.9086988483214898,0.9602798334875117,0.9270454689065675,0.009400087505712754,0.9154518950437318,0.9394812680115274,0.8943154801455087,0.011733101813049972,0.8757196852197234,0.9060219319585314
histologic_type_icdo3,8010,nested_pseudo90,0.969921929122733,0.008833129522422179,0.959349593495935,0.9836956521739131,0.9350688233324664,0.01735714565735988,0.912540034491254,0.9602798334875117,0.9269289773958311,0.004946460759337273,0.9197530864197531,0.9337175792507204,0.89382915256881,0.008802910170676895,0.8821869488536155,0.9062296660100366
histologic_type_icdo3,8010,nested_pseudo90_nn20,0.9693036779414579,0.009067569541743007,0.9595687331536388,0.9836956521739131,0.9334011111339242,0.018544107194966332,0.9086988483214898,0.9602798334875117,0.9269973645390482,0.004449843313612888,0.9212827988338192,0.9337175792507204,0.8939274498096366,0.008232190703385413,0.8842907414114666,0.9062296660100366
histologic_type_icdo3,8041,frozen_tree,0.9621275764081736,0.00264535144292444,0.9584120982986768,0.9652432969215492,0.9162926395803248,0.007839935367755091,0.9064383807163074,0.9244563861903502,0.9269639013374723,0.005674521097522287,0.9201213346814965,0.934322033898305,0.8914747450032827,0.008898549777203748,0.8801105541999562,0.9031528296466532
histologic_type_icdo3,8041,nested_pseudo90,0.9631854777720257,0.0037939395287077673,0.9574266792809839,0.9669499527856469,0.9204499721186199,0.010717770054165302,0.9051985449568722,0.9309776046541747,0.926494171011784,0.004960926704125528,0.9211711711711712,0.9322033898305084,0.890794282755321,0.007579382582757901,0.8831457300429953,0.9000287273771904
histologic_type_icdo3,8041,nested_pseudo90_nn20,0.9633400042489682,0.0037169116344004643,0.9582542694497154,0.967032967032967,0.9216150078418941,0.010094346597312526,0.9097360595805061,0.9325911654336216,0.9269063921548485,0.00517376797706221,0.9219409282700421,0.9327983951855566,0.8914004347102068,0.008006620265945874,0.8834148835832203,0.900032740359673
histologic_type_icdo3,8046,frozen_tree,0.9350712025662549,0.01279545198015531,0.9135254988913526,0.9448441247002398,0.8741376384275508,0.030474204589509866,0.8223456654698944,0.8999262805456295,0.9208785888741158,0.012745175354681407,0.9069767441860465,0.9405940594059405,0.8692055263100636,0.024024540917541592,0.8413761305807274,0.9053601911915329
histologic_type_icdo3,8046,nested_pseudo90,0.9312656826961575,0.009734702315060358,0.917960088691796,0.9448441247002398,0.8691526869734819,0.024444393539300023,0.8314561441637459,0.8999262805456295,0.9115620193991605,0.007445044060122212,0.9023255813953488,0.9207920792079208,0.8540575006263029,0.015437269003184814,0.8334449371097638,0.8738135882553772
histologic_type_icdo3,8046,nested_pseudo90_nn20,0.932340729951364,0.010249591860796565,0.9203539823008849,0.9473684210526315,0.8701416801228739,0.024686981350406638,0.8345798098572541,0.9033378047818196,0.9141948597826774,0.0069155840078048755,0.9023255813953488,0.9197396963123644,0.8584443183619033,0.014334162020487921,0.8334449371097638,0.8688762262440509
histologic_type_icdo3,8070,frozen_tree,0.939733377029107,0.0033866019429693575,0.9340974212034384,0.9432063263838965,0.8856245420356732,0.007024003920136137,0.8751377965681075,0.8937162967910078,0.9236292045067949,0.005545519892087942,0.9159851301115242,0.9297709923664123,0.8742836221039425,0.00876092156595563,0.8627707026842498,0.8852398171000019
histologic_type_icdo3,8070,nested_pseudo90,0.9365424600863772,0.005232707489644292,0.9317711922811854,0.9441997063142438,0.8807849307600794,0.008232858353731727,0.8727107488858915,0.8927266306065169,0.9230198412128384,0.004176911038388476,0.9189591078066914,0.9282088469905729,0.8732803142287648,0.006436135069926195,0.8676283769255152,0.8802581031916541
histologic_type_icdo3,8070,nested_pseudo90_nn20,0.9358370990822072,0.004786186483853676,0.9311334289813487,0.9425625920471281,0.8804306998643954,0.0076981539862513906,0.8704215851041648,0.8912309410410333,0.9221144911523821,0.0049648189661446246,0.9144981412639405,0.9267175572519084,0.8717912555217939,0.007722670312063924,0.860341865563617,0.8802502439304368
histologic_type_icdo3,8071,frozen_tree,0.8694106220629795,0.034608040386765744,0.8181818181818182,0.8974358974358975,0.8234020548531534,0.048516759885247826,0.75,0.8617483880641775,0.8735015630327997,0.03636651448071597,0.8163265306122449,0.9156626506024096,0.7834741502420819,0.061254254001820954,0.6862244897959184,0.8534136546184737
histologic_type_icdo3,8071,nested_pseudo90,0.8572649572649572,0.023834556828723083,0.8333333333333334,0.8888888888888888,0.807484258691255,0.03525551830371041,0.7599866349866351,0.8439798683701122,0.8638630088159323,0.027768726860969664,0.8163265306122449,0.8863636363636364,0.7667214250556218,0.047182193653406757,0.6862244897959184,0.8055453318611213
histologic_type_icdo3,8071,nested_pseudo90_nn20,0.8538655082686393,0.028879512439525707,0.821917808219178,0.8979591836734694,0.8033547673365273,0.042600964514589196,0.7599866349866351,0.859086491739553,0.8641368313789114,0.028862899586707156,0.8163265306122449,0.891566265060241,0.7673196009232968,0.048463785420778,0.6862244897959184,0.8115318416523236
histologic_type_icdo3,8140,frozen_tree,0.9173276780537929,0.004331776290182038,0.913588850174216,0.9241101410342512,0.8576695990211507,0.006332202289735809,0.8502387337973107,0.8672353090036042,0.9168530328728035,0.003277406085421389,0.9130434782608695,0.9215155615696887,0.8577663364382617,0.005598461828710229,0.8512929843211914,0.8659629345392077
histologic_type_icdo3,8140,nested_pseudo90,0.9163230666543594,0.005156091363065591,0.9124877089478859,0.9250923748740343,0.8563758830238456,0.007733129371645592,0.8479543034064968,0.8691007290587529,0.9160486184817772,0.0031690189662225278,0.9117259552042161,0.9201623815967523,0.8563903453622475,0.005412231593352209,0.8490398477199972,0.8636519506519527
histologic_type_icdo3,8140,nested_pseudo90_nn20,0.9174744884375968,0.0047891860218375265,0.9128919860627178,0.9251928882925193,0.8578207212377782,0.006608471861722644,0.8518408271319675,0.8686857293819394,0.9161748772593995,0.0038309743661951033,0.9117259552042161,0.9215155615696887,0.8566057927120898,0.006559455461845866,0.8490398477199972,0.8659629345392077
histologic_type_icdo3,8240,frozen_tree,0.6415795586527293,0.07707011130171919,0.5238095238095238,0.7317073170731707,0.785716968317519,0.06991349736844485,0.6907349896480331,0.879142640806104,0.5385067190724675,0.10526776074797212,0.36065573770491804,0.6190476190476191,0.4286194155886321,0.065617707593063,0.32415437036603734,0.4871558929529944
histologic_type_icdo3,8240,nested_pseudo90,0.617214834972272,0.11692095183326046,0.42105263157894735,0.7027027027027027,0.7752475364464081,0.08768339887805639,0.644744469870328,0.883310708606446,0.5385067190724675,0.10526776074797212,0.36065573770491804,0.6190476190476191,0.4286194155886321,0.065617707593063,0.32415437036603734,0.4871558929529944
histologic_type_icdo3,8240,nested_pseudo90_nn20,0.6362860698452205,0.10728457451143049,0.45,0.717948717948718,0.7819539876635043,0.08356540825650328,0.6528541851523219,0.883310708606446,0.5385067190724675,0.10526776074797212,0.36065573770491804,0.6190476190476191,0.4286194155886321,0.065617707593063,0.32415437036603734,0.4871558929529944
histologic_type_icdo3,8246,frozen_tree,0.977590380153667,0.010421801944083441,0.9662921348314607,0.989010989010989,0.9596497884694486,0.01826516462975672,0.9421945971790581,0.9809374299170217,0.9419850335778595,0.01408836667501199,0.9176470588235294,0.9523809523809523,0.915436065113488,0.01583875765933551,0.8880545125851758,0.9285714285714286
histologic_type_icdo3,8246,nested_pseudo90,0.9752853785093727,0.008774180440408565,0.9662921348314607,0.989247311827957,0.9538785420595983,0.01411057260217274,0.9421945971790581,0.9776607417160412,0.9303726693339162,0.014803969681005938,0.9176470588235294,0.95,0.8982255970829465,0.018871271870703102,0.8809523809523809,0.9192028985507246
histologic_type_icdo3,8246,nested_pseudo90_nn20,0.9752853785093727,0.008774180440408565,0.9662921348314607,0.989247311827957,0.9538785420595983,0.01411057260217274,0.9421945971790581,0.9776607417160412,0.9303726693339162,0.014803969681005938,0.9176470588235294,0.95,0.8982255970829465,0.018871271870703102,0.8809523809523809,0.9192028985507246
histologic_type_icdo3,8255,frozen_tree,0.7746133518205228,0.09391852634810224,0.696969696969697,0.9295774647887324,0.7402723827956335,0.10175015229861123,0.6610169491525424,0.9126829520575104,0.8025072020700733,0.04630987984371228,0.7407407407407407,0.8571428571428571,0.6769992279104441,0.06695625610860637,0.5911680911680912,0.762406015037594
histologic_type_icdo3,8255,nested_pseudo90,0.79080546572072,0.07910211365241464,0.7076923076923077,0.9142857142857143,0.7593170767037949,0.08352743479135767,0.6785269735061868,0.8956254272043745,0.8081410048869747,0.05006035300687902,0.7407407407407407,0.8571428571428571,0.6866355844400007,0.07199993044241977,0.5911680911680912,0.762406015037594
histologic_type_icdo3,8255,nested_pseudo90_nn20,0.7975580412703451,0.09679645161327177,0.7076923076923077,0.958904109589041,0.7683316100122006,0.10534678960004443,0.6785269735061868,0.947087062795646,0.79717386873674,0.044324947814295766,0.7407407407407407,0.8571428571428571,0.668133577946755,0.064057311440596,0.5911680911680912,0.762406015037594
histologic_type_icdo3,8550,frozen_tree,0.7331843994907905,0.04891658335870668,0.6666666666666666,0.78125,0.6821175653779948,0.06269921850146933,0.6158357771260997,0.7513020833333334,0.7836439963041819,0.029618825129209336,0.75,0.821917808219178,0.6422881647786947,0.043841521166602074,0.5959821428571429,0.6967206309672063
histologic_type_icdo3,8550,nested_pseudo90,0.7305959625229402,0.04533780077999387,0.6551724137931034,0.7666666666666667,0.6738590644065598,0.05928333035120072,0.5966562173458725,0.7519230769230768,0.7702613184429358,0.03328545430393483,0.7397260273972602,0.821917808219178,0.6201838577833231,0.0502227576813355,0.5743611227482195,0.6967206309672063
histologic_type_icdo3,8550,nested_pseudo90_nn20,0.7218283276097036,0.051165070850621164,0.6551724137931034,0.7619047619047619,0.6633039662608053,0.06028688609827171,0.5966562173458725,0.7342953574872573,0.7707407704977303,0.03120915595438274,0.7419354838709677,0.821917808219178,0.6210062209161056,0.04625169409907522,0.5743611227482195,0.6967206309672063
histologic_type_icdo3,8551,frozen_tree,0.5194650266990692,0.07794549086120255,0.4090909090909091,0.6222222222222222,0.7636796583348536,0.054256427547117604,0.6918513817010057,0.8278108617091668,0.5027145280046714,0.056689044464443915,0.42105263157894735,0.5565217391304348,0.3922834623299952,0.03464805179591192,0.34793182416958834,0.43115449078181994
histologic_type_icdo3,8551,nested_pseudo90,0.5992079590456872,0.0458887373186747,0.5490196078431373,0.6666666666666666,0.7907310127350587,0.040010930285755884,0.7459149176912144,0.8428083255669462,0.49943583948008125,0.05434809824413921,0.42105263157894735,0.5565217391304348,0.3880809930493711,0.03294355552179727,0.34793182416958834,0.43115449078181994
histologic_type_icdo3,8551,nested_pseudo90_nn20,0.5905396482317983,0.048720526425452784,0.5306122448979592,0.6666666666666666,0.7884169763469515,0.04473743317102103,0.7413577675968347,0.8428083255669462,0.5027145280046714,0.056689044464443915,0.42105263157894735,0.5565217391304348,0.3922834623299952,0.03464805179591192,0.34793182416958834,0.43115449078181994
