dimension,slice,candidate,outer_fold,rows,actual_dead_rate,fold_global_policy_predicted_dead_rate,fold_global_policy_dead_class_f1,fold_global_policy_weighted_f1,fold_within_slice_predicted_dead_rate,fold_within_slice_dead_class_f1,fold_within_slice_weighted_f1
GLOBAL,all rows,frozen_tree,1,4800,0.83,0.845,0.9276119402985075,0.8764948335246843,0.845,0.9276119402985075,0.8764948335246843
GLOBAL,all rows,frozen_tree,2,4800,0.83,0.845,0.9305970149253732,0.8815878300803675,0.845,0.9305970149253732,0.8815878300803675
GLOBAL,all rows,frozen_tree,3,4800,0.83,0.845,0.9273631840796019,0.876070417145044,0.845,0.9273631840796019,0.876070417145044
GLOBAL,all rows,frozen_tree,4,4800,0.83,0.845,0.9276119402985075,0.8764948335246843,0.845,0.9276119402985075,0.8764948335246843
GLOBAL,all rows,frozen_tree,5,4800,0.83,0.845,0.926865671641791,0.8752215843857634,0.845,0.926865671641791,0.8752215843857634
GLOBAL,all rows,nested_pseudo90,1,4800,0.83,0.845,0.9281094527363184,0.8773436662839648,0.845,0.9281094527363184,0.8773436662839648
GLOBAL,all rows,nested_pseudo90,2,4800,0.83,0.845,0.9296019900497512,0.8798901645618064,0.845,0.9296019900497512,0.8798901645618064
GLOBAL,all rows,nested_pseudo90,3,4800,0.83,0.845,0.9241293532338308,0.8705530042097206,0.845,0.9241293532338308,0.8705530042097206
GLOBAL,all rows,nested_pseudo90,4,4800,0.83,0.845,0.9258706467661691,0.8735239188672025,0.845,0.9258706467661691,0.8735239188672025
GLOBAL,all rows,nested_pseudo90,5,4800,0.83,0.845,0.9256218905472637,0.8730995024875623,0.845,0.9256218905472637,0.8730995024875623
GLOBAL,all rows,nested_pseudo90_nn20,1,4800,0.83,0.845,0.9283582089552239,0.8777680826636051,0.845,0.9283582089552239,0.8777680826636051
GLOBAL,all rows,nested_pseudo90_nn20,2,4800,0.83,0.845,0.9296019900497512,0.8798901645618064,0.845,0.9296019900497512,0.8798901645618064
GLOBAL,all rows,nested_pseudo90_nn20,3,4800,0.83,0.845,0.9258706467661691,0.8735239188672025,0.845,0.9258706467661691,0.8735239188672025
GLOBAL,all rows,nested_pseudo90_nn20,4,4800,0.83,0.845,0.9271144278606965,0.8756460007654039,0.845,0.9271144278606965,0.8756460007654039
GLOBAL,all rows,nested_pseudo90_nn20,5,4800,0.83,0.845,0.9248756218905473,0.8718262533486416,0.845,0.9248756218905473,0.8718262533486416
age_recode,45-49 years,frozen_tree,1,72,0.7361111111111112,0.7222222222222222,0.8952380952380953,0.8484533984533985,0.8472222222222222,0.8947368421052632,0.8169590643274853
age_recode,45-49 years,frozen_tree,2,91,0.6923076923076923,0.7692307692307693,0.9022556390977443,0.8506981740064447,0.8461538461538461,0.8857142857142857,0.8036630036630036
age_recode,45-49 years,frozen_tree,3,61,0.6229508196721312,0.6885245901639344,0.875,0.8323575331772052,0.8524590163934426,0.8444444444444444,0.7381375227686703
age_recode,45-49 years,frozen_tree,4,59,0.8305084745762712,0.8135593220338984,0.9484536082474226,0.9168351597147683,0.847457627118644,0.9494949494949495,0.9134520945404085
age_recode,45-49 years,frozen_tree,5,58,0.7931034482758621,0.7241379310344828,0.8863636363636364,0.8359829825347067,0.8448275862068966,0.9052631578947369,0.8361939331086335
age_recode,45-49 years,nested_pseudo90,1,72,0.7361111111111112,0.6944444444444444,0.8932038834951457,0.8505867340226801,0.8472222222222222,0.8947368421052632,0.8169590643274853
age_recode,45-49 years,nested_pseudo90,2,91,0.6923076923076923,0.7802197802197802,0.8656716417910447,0.7916188289322618,0.8461538461538461,0.8714285714285714,0.7791208791208791
age_recode,45-49 years,nested_pseudo90,3,61,0.6229508196721312,0.7377049180327869,0.8674698795180723,0.8110930481066764,0.8524590163934426,0.8444444444444444,0.7381375227686703
age_recode,45-49 years,nested_pseudo90,4,59,0.8305084745762712,0.8135593220338984,0.9278350515463918,0.8835692236006756,0.847457627118644,0.9494949494949495,0.9134520945404085
age_recode,45-49 years,nested_pseudo90,5,58,0.7931034482758621,0.7413793103448276,0.8764044943820225,0.8176847905635197,0.8448275862068966,0.9052631578947369,0.8361939331086335
age_recode,45-49 years,nested_pseudo90_nn20,1,72,0.7361111111111112,0.6944444444444444,0.8932038834951457,0.8505867340226801,0.8472222222222222,0.8947368421052632,0.8169590643274853
age_recode,45-49 years,nested_pseudo90_nn20,2,91,0.6923076923076923,0.7802197802197802,0.8656716417910447,0.7916188289322618,0.8461538461538461,0.8714285714285714,0.7791208791208791
age_recode,45-49 years,nested_pseudo90_nn20,3,61,0.6229508196721312,0.7377049180327869,0.8674698795180723,0.8110930481066764,0.8524590163934426,0.8444444444444444,0.7381375227686703
age_recode,45-49 years,nested_pseudo90_nn20,4,59,0.8305084745762712,0.7966101694915254,0.9375,0.9018682588597843,0.847457627118644,0.9494949494949495,0.9134520945404085
age_recode,45-49 years,nested_pseudo90_nn20,5,58,0.7931034482758621,0.7586206896551724,0.8888888888888888,0.8323017978190392,0.8448275862068966,0.9052631578947369,0.8361939331086335
age_recode,50-54 years,frozen_tree,1,160,0.8,0.79375,0.9098039215686274,0.8570739064856712,0.84375,0.9277566539923955,0.8755386565272497
age_recode,50-54 years,frozen_tree,2,166,0.7469879518072289,0.7831325301204819,0.9212598425196851,0.8763071668868083,0.8433734939759037,0.9318181818181818,0.8820952258230783
age_recode,50-54 years,frozen_tree,3,161,0.8012422360248447,0.8012422360248447,0.937984496124031,0.9006211180124224,0.84472049689441,0.9433962264150944,0.9023419911550821
age_recode,50-54 years,frozen_tree,4,154,0.7012987012987013,0.7857142857142857,0.8646288209606987,0.7878524659244354,0.8441558441558441,0.865546218487395,0.7691585725199171
age_recode,50-54 years,frozen_tree,5,148,0.7972972972972973,0.8513513513513513,0.9180327868852459,0.8566851845540371,0.8445945945945946,0.9135802469135802,0.8507815992092721
age_recode,50-54 years,nested_pseudo90,1,160,0.8,0.8,0.921875,0.875,0.84375,0.9429657794676806,0.9017410446267761
age_recode,50-54 years,nested_pseudo90,2,166,0.7469879518072289,0.7530120481927711,0.9076305220883534,0.860889340494508,0.8433734939759037,0.9318181818181818,0.8820952258230783
age_recode,50-54 years,nested_pseudo90,3,161,0.8012422360248447,0.7888198757763976,0.921875,0.8771733248635423,0.84472049689441,0.9358490566037736,0.8893209233090931
age_recode,50-54 years,nested_pseudo90,4,154,0.7012987012987013,0.8181818181818182,0.8547008547008547,0.7608607608607609,0.8441558441558441,0.8571428571428571,0.7547309833024118
age_recode,50-54 years,nested_pseudo90,5,148,0.7972972972972973,0.8243243243243243,0.9166666666666666,0.8611647361647361,0.8445945945945946,0.9218106995884774,0.8649928754750558
age_recode,50-54 years,nested_pseudo90_nn20,1,160,0.8,0.80625,0.9260700389105059,0.8805385708109444,0.84375,0.935361216730038,0.8886398505770128
age_recode,50-54 years,nested_pseudo90_nn20,2,166,0.7469879518072289,0.7590361445783133,0.904,0.854236849838378,0.8433734939759037,0.9318181818181818,0.8820952258230783
age_recode,50-54 years,nested_pseudo90_nn20,3,161,0.8012422360248447,0.7701863354037267,0.924901185770751,0.8850972593883746,0.84472049689441,0.9433962264150944,0.9023419911550821
age_recode,50-54 years,nested_pseudo90_nn20,4,154,0.7012987012987013,0.8181818181818182,0.8547008547008547,0.7608607608607609,0.8441558441558441,0.865546218487395,0.7691585725199171
age_recode,50-54 years,nested_pseudo90_nn20,5,148,0.7972972972972973,0.8378378378378378,0.9173553719008265,0.8590325863053135,0.8445945945945946,0.9135802469135802,0.8507815992092721
age_recode,55-59 years,frozen_tree,1,350,0.8,0.8142857142857143,0.9238938053097345,0.8754113405440839,0.8457142857142858,0.9201388888888888,0.8619175627240143
age_recode,55-59 years,frozen_tree,2,369,0.7804878048780488,0.8265582655826558,0.9072512647554806,0.8443474967982221,0.8455284552845529,0.9066666666666666,0.8380770590314599
age_recode,55-59 years,frozen_tree,3,388,0.7938144329896907,0.8067010309278351,0.8856682769726248,0.8147955361269225,0.845360824742268,0.889937106918239,0.8095377034299422
age_recode,55-59 years,frozen_tree,4,358,0.8072625698324022,0.8463687150837989,0.8952702702702703,0.8190868941567266,0.8463687150837989,0.8952702702702703,0.8190868941567266
age_recode,55-59 years,frozen_tree,5,356,0.7808988764044944,0.8146067415730337,0.9014084507042254,0.837803977422588,0.8455056179775281,0.9119170984455959,0.8471999408196221
age_recode,55-59 years,nested_pseudo90,1,350,0.8,0.8142857142857143,0.9203539823008849,0.8696165191740414,0.8457142857142858,0.9166666666666666,0.8559139784946235
age_recode,55-59 years,nested_pseudo90,2,369,0.7804878048780488,0.8346883468834688,0.9093959731543624,0.8458081934066339,0.8455284552845529,0.91,0.8438600212089077
age_recode,55-59 years,nested_pseudo90,3,388,0.7938144329896907,0.8041237113402062,0.8774193548387097,0.8022443358658855,0.845360824742268,0.889937106918239,0.8095377034299422
age_recode,55-59 years,nested_pseudo90,4,358,0.8072625698324022,0.8575418994413407,0.8959731543624161,0.8164420156724532,0.8463687150837989,0.8952702702702703,0.8190868941567266
age_recode,55-59 years,nested_pseudo90,5,356,0.7808988764044944,0.7921348314606742,0.9071428571428571,0.8525323139308946,0.8455056179775281,0.9050086355785838,0.8352156224525334
age_recode,55-59 years,nested_pseudo90_nn20,1,350,0.8,0.8114285714285714,0.9184397163120568,0.867104714226116,0.8457142857142858,0.9166666666666666,0.8559139784946235
age_recode,55-59 years,nested_pseudo90_nn20,2,369,0.7804878048780488,0.8401084010840109,0.9130434782608695,0.8505983941826996,0.8455284552845529,0.9133333333333333,0.8496429833863556
age_recode,55-59 years,nested_pseudo90_nn20,3,388,0.7938144329896907,0.7989690721649485,0.8737864077669902,0.7980220172839099,0.845360824742268,0.889937106918239,0.8095377034299422
age_recode,55-59 years,nested_pseudo90_nn20,4,358,0.8072625698324022,0.8575418994413407,0.8959731543624161,0.8164420156724532,0.8463687150837989,0.8986486486486487,0.8249228007968322
age_recode,55-59 years,nested_pseudo90_nn20,5,356,0.7808988764044944,0.7949438202247191,0.9019607843137255,0.8436362416087799,0.8455056179775281,0.9050086355785838,0.8352156224525334
age_recode,60-64 years,frozen_tree,1,608,0.7697368421052632,0.8125,0.893970893970894,0.8259176084497262,0.8453947368421053,0.8981670061099797,0.8232123339315965
age_recode,60-64 years,frozen_tree,2,564,0.8014184397163121,0.8102836879432624,0.9240924092409241,0.8765994640851434,0.8457446808510638,0.9214208826695371,0.8641787443811213
age_recode,60-64 years,frozen_tree,3,610,0.8147540983606557,0.8,0.9055837563451776,0.8497638983071854,0.8442622950819673,0.9130434782608695,0.8507785514556719
age_recode,60-64 years,frozen_tree,4,581,0.8123924268502581,0.8227194492254734,0.9221052631578948,0.8712332433721266,0.8450946643717728,0.9262720664589823,0.8731686198493266
age_recode,60-64 years,frozen_tree,5,562,0.8167259786476868,0.8149466192170819,0.916030534351145,0.8632455615753377,0.8451957295373665,0.9250535331905781,0.8712672656822469
age_recode,60-64 years,nested_pseudo90,1,608,0.7697368421052632,0.8289473684210527,0.9012345679012346,0.8333812673760905,0.8453947368421053,0.8981670061099797,0.8232123339315965
age_recode,60-64 years,nested_pseudo90,2,564,0.8014184397163121,0.8031914893617021,0.9193370165745857,0.8703486779462196,0.8457446808510638,0.9192680301399354,0.8604576140901931
age_recode,60-64 years,nested_pseudo90,3,610,0.8147540983606557,0.8016393442622951,0.9046653144016227,0.8479106538761377,0.8442622950819673,0.9150197628458498,0.8541699480134977
age_recode,60-64 years,nested_pseudo90,4,581,0.8123924268502581,0.810671256454389,0.9225874867444327,0.8745748027711513,0.8450946643717728,0.9283489096573209,0.8767413347831485
age_recode,60-64 years,nested_pseudo90,5,562,0.8167259786476868,0.8078291814946619,0.9112814895947426,0.8571849098999952,0.8451957295373665,0.9229122055674518,0.8675891875588825
age_recode,60-64 years,nested_pseudo90_nn20,1,608,0.7697368421052632,0.8256578947368421,0.8989690721649485,0.8305019211342413,0.8453947368421053,0.90020366598778,0.8267480872529646
age_recode,60-64 years,nested_pseudo90_nn20,2,564,0.8014184397163121,0.8049645390070922,0.9227373068432672,0.8754644457053926,0.8457446808510638,0.9171151776103337,0.8567364837992648
age_recode,60-64 years,nested_pseudo90_nn20,3,610,0.8147540983606557,0.8065573770491803,0.910010111223458,0.8553085717069868,0.8442622950819673,0.9150197628458498,0.8541699480134977
age_recode,60-64 years,nested_pseudo90_nn20,4,581,0.8123924268502581,0.810671256454389,0.926829268292683,0.8814474163179375,0.8450946643717728,0.9241952232606438,0.8695959049155049
age_recode,60-64 years,nested_pseudo90_nn20,5,562,0.8167259786476868,0.8078291814946619,0.9069003285870756,0.8501323128580196,0.8451957295373665,0.9229122055674518,0.8675891875588825
age_recode,65-69 years,frozen_tree,1,783,0.8122605363984674,0.8199233716475096,0.9107981220657277,0.8532312971057507,0.8454661558109834,0.9229583975346687,0.8673701079992242
age_recode,65-69 years,frozen_tree,2,787,0.8017789072426937,0.8106734434561627,0.9062253743104807,0.8474747616511074,0.8449809402795425,0.9151234567901234,0.853514971447944
age_recode,65-69 years,frozen_tree,3,753,0.7915006640106241,0.8061088977423638,0.914380714879468,0.8613562670710048,0.8446215139442231,0.9188311688311688,0.8596601680615987
age_recode,65-69 years,frozen_tree,4,771,0.7937743190661478,0.7963683527885862,0.9070146818923328,0.8517927702003071,0.8443579766536965,0.9089469517022961,0.8427210117162167
age_recode,65-69 years,frozen_tree,5,757,0.7939233817701453,0.7965653896961691,0.8986710963455149,0.838451493416853,0.845442536327609,0.9024979854955681,0.8312528826155606
age_recode,65-69 years,nested_pseudo90,1,783,0.8122605363984674,0.8160919540229885,0.9129411764705883,0.8576735929589279,0.8454661558109834,0.926040061633282,0.8726753036792553
age_recode,65-69 years,nested_pseudo90,2,787,0.8017789072426937,0.818297331639136,0.9050980392156863,0.8436930469663144,0.8449809402795425,0.9120370370370371,0.8481882431369602
age_recode,65-69 years,nested_pseudo90,3,753,0.7915006640106241,0.8100929614873837,0.9087893864013267,0.8513569822423958,0.8446215139442231,0.9172077922077922,0.8568533714228309
age_recode,65-69 years,nested_pseudo90,4,771,0.7937743190661478,0.7963683527885862,0.9086460032626428,0.8543928970388981,0.8443579766536965,0.9168646080760094,0.8563974454800238
age_recode,65-69 years,nested_pseudo90,5,757,0.7939233817701453,0.8071334214002642,0.900990099009901,0.8395089756117083,0.845442536327609,0.9073327961321515,0.8396205082709872
age_recode,65-69 years,nested_pseudo90_nn20,1,783,0.8122605363984674,0.8160919540229885,0.9129411764705883,0.8576735929589279,0.8454661558109834,0.9244992295839753,0.8700227058392397
age_recode,65-69 years,nested_pseudo90_nn20,2,787,0.8017789072426937,0.8157560355781448,0.9065200314218381,0.8466832544123618,0.8449809402795425,0.9135802469135802,0.850851607292452
age_recode,65-69 years,nested_pseudo90_nn20,3,753,0.7915006640106241,0.8034528552456839,0.9092422980849292,0.8536523412182022,0.8446215139442231,0.9155844155844156,0.8540465747840629
age_recode,65-69 years,nested_pseudo90_nn20,4,771,0.7937743190661478,0.795071335927367,0.9110204081632653,0.8584598774392965,0.8443579766536965,0.9152810768012668,0.8536621587272624
age_recode,65-69 years,nested_pseudo90_nn20,5,757,0.7939233817701453,0.8058124174372523,0.8984310487200661,0.8357071698910071,0.845442536327609,0.9073327961321515,0.8396205082709872
age_recode,70-74 years,frozen_tree,1,818,0.8056234718826406,0.8276283618581907,0.9206586826347305,0.8674010658389822,0.8447432762836186,0.9244444444444444,0.8698075735728547
age_recode,70-74 years,frozen_tree,2,857,0.8249708284714119,0.822637106184364,0.9235127478753541,0.874307034587999,0.8448074679113186,0.93361285814116,0.886477168979394
age_recode,70-74 years,frozen_tree,3,841,0.8133174791914387,0.8323424494649228,0.9277456647398844,0.8785891449746631,0.845422116527943,0.9304659498207886,0.8803519523274489
age_recode,70-74 years,frozen_tree,4,857,0.8039673278879813,0.8051341890315052,0.9180565627266135,0.8679957001192752,0.8448074679113186,0.9285208775654635,0.8767547160085747
age_recode,70-74 years,frozen_tree,5,860,0.7976744186046512,0.827906976744186,0.9184549356223176,0.8633227922847212,0.8453488372093023,0.9200283085633404,0.8617369965913817
age_recode,70-74 years,nested_pseudo90,1,818,0.8056234718826406,0.8251833740831296,0.9205397301349325,0.8677600674071552,0.8447432762836186,0.922962962962963,0.8672547808978126
age_recode,70-74 years,nested_pseudo90,2,857,0.8249708284714119,0.8144690781796966,0.9266903914590747,0.881178654330882,0.8448074679113186,0.9308176100628931,0.8816972603048423
age_recode,70-74 years,nested_pseudo90,3,841,0.8133174791914387,0.8323424494649228,0.9291907514450867,0.8810173620751699,0.845422116527943,0.9304659498207886,0.8803519523274489
age_recode,70-74 years,nested_pseudo90,4,857,0.8039673278879813,0.809801633605601,0.918293564714389,0.867387154921788,0.8448074679113186,0.921443736730361,0.8645522126430871
age_recode,70-74 years,nested_pseudo90,5,860,0.7976744186046512,0.827906976744186,0.9141630901287554,0.8561292550365486,0.8453488372093023,0.9186128803963199,0.8592898637876895
age_recode,70-74 years,nested_pseudo90_nn20,1,818,0.8056234718826406,0.8215158924205379,0.9211119459053343,0.8695294222904432,0.8447432762836186,0.9244444444444444,0.8698075735728547
age_recode,70-74 years,nested_pseudo90_nn20,2,857,0.8249708284714119,0.8121353558926487,0.9223093371347113,0.8745628402419601,0.8448074679113186,0.9322152341020266,0.8840872146421183
age_recode,70-74 years,nested_pseudo90_nn20,3,841,0.8133174791914387,0.8299643281807372,0.9276410998552822,0.878921734801046,0.845422116527943,0.9333333333333333,0.8852858924376572
age_recode,70-74 years,nested_pseudo90_nn20,4,857,0.8039673278879813,0.8074679113185531,0.9196234612599565,0.870035664886943,0.8448074679113186,0.924274593064402,0.8694332139892821
age_recode,70-74 years,nested_pseudo90_nn20,5,860,0.7976744186046512,0.8290697674418605,0.9120800571837027,0.8523418860834399,0.8453488372093023,0.9143665958952583,0.8519484653766122
age_recode,75-79 years,frozen_tree,1,822,0.8418491484184915,0.8600973236009732,0.9320943531093638,0.8815098893994813,0.8454987834549879,0.9329488103821196,0.8863233275279885
age_recode,75-79 years,frozen_tree,2,792,0.8396464646464646,0.8497474747474747,0.9357249626307922,0.8899731390981528,0.8446969696969697,0.9340329835082459,0.8881665833749792
age_recode,75-79 years,frozen_tree,3,786,0.8346055979643766,0.8625954198473282,0.9295352323838081,0.8758658710288194,0.8447837150127226,0.9303030303030303,0.8814484356469089
age_recode,75-79 years,frozen_tree,4,805,0.8161490683229814,0.8409937888198757,0.9205397301349325,0.8645391589919327,0.84472049689441,0.9214659685863874,0.865192626631279
age_recode,75-79 years,frozen_tree,5,822,0.8418491484184915,0.8381995133819952,0.9341057204923968,0.8898055595955995,0.8454987834549879,0.9343907714491708,0.8887679871510424
age_recode,75-79 years,nested_pseudo90,1,822,0.8418491484184915,0.8600973236009732,0.9278055754110078,0.8740263034668169,0.8454987834549879,0.9286229271809661,0.8789893486588265
age_recode,75-79 years,nested_pseudo90,2,792,0.8396464646464646,0.8535353535353535,0.9321401938851603,0.8829716643330032,0.8446969696969697,0.9325337331334332,0.8856249148153196
age_recode,75-79 years,nested_pseudo90,3,786,0.8346055979643766,0.8638676844783715,0.9318352059925094,0.8796034138889824,0.8447837150127226,0.9242424242424242,0.8711396039640315
age_recode,75-79 years,nested_pseudo90,4,805,0.8161490683229814,0.8347826086956521,0.9164785553047404,0.8592096613456611,0.84472049689441,0.9169783096484667,0.8574893481530665
age_recode,75-79 years,nested_pseudo90,5,822,0.8418491484184915,0.8442822384428224,0.9321789321789322,0.8852840389082114,0.8454987834549879,0.9329488103821196,0.8863233275279885
age_recode,75-79 years,nested_pseudo90_nn20,1,822,0.8418491484184915,0.8625304136253041,0.92790863668808,0.8735764656659998,0.8454987834549879,0.9315068493150684,0.8838786679049344
age_recode,75-79 years,nested_pseudo90_nn20,2,792,0.8396464646464646,0.851010101010101,0.9335324869305451,0.8859399115293706,0.8446969696969697,0.9340329835082459,0.8881665833749792
age_recode,75-79 years,nested_pseudo90_nn20,3,786,0.8346055979643766,0.8676844783715013,0.9327354260089686,0.8802473784502334,0.8447837150127226,0.9272727272727272,0.8762940198054702
age_recode,75-79 years,nested_pseudo90_nn20,4,805,0.8161490683229814,0.8397515527950311,0.9167291822955739,0.8583654826862309,0.84472049689441,0.9169783096484667,0.8574893481530665
age_recode,75-79 years,nested_pseudo90_nn20,5,822,0.8418491484184915,0.8381995133819952,0.9355539464156408,0.8922274154286631,0.8454987834549879,0.9372746935832732,0.8936573063971506
age_recode,80-84 years,frozen_tree,1,593,0.8836424957841484,0.8735244519392917,0.9481765834932822,0.910572562816998,0.8448566610455311,0.9404878048780487,0.9033267329059703
age_recode,80-84 years,frozen_tree,2,560,0.8964285714285715,0.9107142857142857,0.9545454545454546,0.91513949013949,0.8446428571428571,0.9394871794871795,0.9036117216117217
age_recode,80-84 years,frozen_tree,3,566,0.8710247349823321,0.9045936395759717,0.9432835820895522,0.8927120608526328,0.8445229681978799,0.9289392378990731,0.8828292049443971
age_recode,80-84 years,frozen_tree,4,586,0.8993174061433447,0.9044368600682594,0.9612109744560076,0.9292208206990107,0.8447098976109215,0.9452054794520548,0.9131341655368025
age_recode,80-84 years,frozen_tree,5,638,0.8652037617554859,0.8918495297805643,0.9420160570918823,0.8933046197267817,0.8448275862068966,0.9349220898258478,0.8919617369568379
age_recode,80-84 years,nested_pseudo90,1,593,0.8836424957841484,0.8718381112984823,0.9490874159462056,0.9124808032051254,0.8448566610455311,0.9404878048780487,0.9033267329059703
age_recode,80-84 years,nested_pseudo90,2,560,0.8964285714285715,0.9125,0.9575518262586377,0.9203260813694336,0.8446428571428571,0.9333333333333333,0.8938095238095238
age_recode,80-84 years,nested_pseudo90,3,566,0.8710247349823321,0.901060070671378,0.9371884346959123,0.8823016528522739,0.8445229681978799,0.9289392378990731,0.8828292049443971
age_recode,80-84 years,nested_pseudo90,4,586,0.8993174061433447,0.9044368600682594,0.9536423841059603,0.915410249128086,0.8447098976109215,0.9412915851272016,0.9069294630751454
age_recode,80-84 years,nested_pseudo90,5,638,0.8652037617554859,0.9012539184952978,0.9423247559893523,0.8912954338285775,0.8448275862068966,0.9367552703941339,0.8950050683101665
age_recode,80-84 years,nested_pseudo90_nn20,1,593,0.8836424957841484,0.8752107925801011,0.9511025886864813,0.9152940385553535,0.8448566610455311,0.9404878048780487,0.9033267329059703
age_recode,80-84 years,nested_pseudo90_nn20,2,560,0.8964285714285715,0.9125,0.9555774925962488,0.916620317712198,0.8446428571428571,0.9374358974358974,0.9003443223443224
age_recode,80-84 years,nested_pseudo90_nn20,3,566,0.8710247349823321,0.9028268551236749,0.9402390438247012,0.8874895735080879,0.8445229681978799,0.9289392378990731,0.8828292049443971
age_recode,80-84 years,nested_pseudo90_nn20,4,586,0.8993174061433447,0.9061433447098977,0.9546313799621928,0.9168065392097573,0.8447098976109215,0.9412915851272016,0.9069294630751454
age_recode,80-84 years,nested_pseudo90_nn20,5,638,0.8652037617554859,0.8981191222570533,0.9404444444444444,0.8886620578933891,0.8448275862068966,0.9367552703941339,0.8950050683101665
age_recode,85-89 years,frozen_tree,1,340,0.9382352941176471,0.9558823529411765,0.9720496894409938,0.9428936792108148,0.8441176470588235,0.9372937293729373,0.9094497526064212
age_recode,85-89 years,frozen_tree,2,365,0.9178082191780822,0.9534246575342465,0.9663250366032211,0.928871332049998,0.8438356164383561,0.9362363919129082,0.9027431787844974
age_recode,85-89 years,frozen_tree,3,375,0.9226666666666666,0.9333333333333333,0.9626436781609196,0.9282979991485737,0.8453333333333334,0.9381598793363499,0.906497737556561
age_recode,85-89 years,frozen_tree,4,398,0.9371859296482412,0.9597989949748744,0.9748344370860927,0.9473062290941058,0.8442211055276382,0.9280677009873061,0.895764020237367
age_recode,85-89 years,frozen_tree,5,345,0.9478260869565217,0.9739130434782609,0.9773755656108597,0.9495704636369597,0.8463768115942029,0.9273021001615509,0.89802706101044
age_recode,85-89 years,nested_pseudo90,1,340,0.9382352941176471,0.9529411764705882,0.9766718506998445,0.9530729613521675,0.8441176470588235,0.933993399339934,0.9046839501120223
age_recode,85-89 years,nested_pseudo90,2,365,0.9178082191780822,0.958904109589041,0.9693430656934306,0.9335066493350666,0.8438356164383561,0.9393468118195957,0.9074874139657413
age_recode,85-89 years,nested_pseudo90,3,375,0.9226666666666666,0.9226666666666666,0.953757225433526,0.9146666666666666,0.8453333333333334,0.9351432880844646,0.9019366515837105
age_recode,85-89 years,nested_pseudo90,4,398,0.9371859296482412,0.9623115577889447,0.9735449735449735,0.9437996862619978,0.8442211055276382,0.92524682651622,0.8916763347564794
age_recode,85-89 years,nested_pseudo90,5,345,0.9478260869565217,0.9681159420289855,0.9742813918305597,0.9450385246106145,0.8463768115942029,0.9305331179321487,0.9025591916321981
age_recode,85-89 years,nested_pseudo90_nn20,1,340,0.9382352941176471,0.9529411764705882,0.9766718506998445,0.9530729613521675,0.8441176470588235,0.933993399339934,0.9046839501120223
age_recode,85-89 years,nested_pseudo90_nn20,2,365,0.9178082191780822,0.958904109589041,0.9693430656934306,0.9335066493350666,0.8438356164383561,0.9362363919129082,0.9027431787844974
age_recode,85-89 years,nested_pseudo90_nn20,3,375,0.9226666666666666,0.9306666666666666,0.9611510791366906,0.9261917593198168,0.8453333333333334,0.9351432880844646,0.9019366515837105
age_recode,85-89 years,nested_pseudo90_nn20,4,398,0.9371859296482412,0.9623115577889447,0.9735449735449735,0.9437996862619978,0.8442211055276382,0.9308885754583921,0.8998517057182546
age_recode,85-89 years,nested_pseudo90_nn20,5,345,0.9478260869565217,0.9710144927536232,0.9758308157099698,0.9472781520331763,0.8463768115942029,0.9305331179321487,0.9025591916321981
age_recode,90+ years,frozen_tree,1,202,0.9752475247524752,0.9851485148514851,0.98989898989899,0.9777727772777278,0.8465346534653465,0.9239130434782609,0.9065444587937054
age_recode,90+ years,frozen_tree,2,195,0.9538461538461539,0.9743589743589743,0.9840425531914894,0.9649988309562778,0.8461538461538461,0.9287749287749287,0.9024764409379794
age_recode,90+ years,frozen_tree,3,202,0.9900990099009901,0.9851485148514851,0.9874686716791979,0.9776917541378197,0.8465346534653465,0.921832884097035,0.9139059458506498
age_recode,90+ years,frozen_tree,4,173,0.9653179190751445,0.9710982658959537,0.9850746268656716,0.9698276876259794,0.8439306358381503,0.9329073482428115,0.9131638458865186
age_recode,90+ years,frozen_tree,5,185,0.9513513513513514,0.9783783783783784,0.969187675070028,0.929522411875353,0.8432432432432433,0.927710843373494,0.9005021508509145
age_recode,90+ years,nested_pseudo90,1,202,0.9752475247524752,0.9851485148514851,0.9848484848484849,0.9666591659165917,0.8465346534653465,0.9239130434782609,0.9065444587937054
age_recode,90+ years,nested_pseudo90,2,195,0.9538461538461539,0.9743589743589743,0.9840425531914894,0.9649988309562778,0.8461538461538461,0.9287749287749287,0.9024764409379794
age_recode,90+ years,nested_pseudo90,3,202,0.9900990099009901,0.9900990099009901,0.99,0.9801980198019802,0.8465346534653465,0.921832884097035,0.9139059458506498
age_recode,90+ years,nested_pseudo90,4,173,0.9653179190751445,0.9710982658959537,0.9850746268656716,0.9698276876259794,0.8439306358381503,0.9329073482428115,0.9131638458865186
age_recode,90+ years,nested_pseudo90,5,185,0.9513513513513514,0.972972972972973,0.9662921348314607,0.9262331352218992,0.8432432432432433,0.927710843373494,0.9005021508509145
age_recode,90+ years,nested_pseudo90_nn20,1,202,0.9752475247524752,0.9851485148514851,0.9848484848484849,0.9666591659165917,0.8465346534653465,0.9239130434782609,0.9065444587937054
age_recode,90+ years,nested_pseudo90_nn20,2,195,0.9538461538461539,0.9794871794871794,0.9814323607427056,0.9574372577025098,0.8461538461538461,0.9287749287749287,0.9024764409379794
age_recode,90+ years,nested_pseudo90_nn20,3,202,0.9900990099009901,1.0,0.9950248756218906,0.9851731441800897,0.8465346534653465,0.921832884097035,0.9139059458506498
age_recode,90+ years,nested_pseudo90_nn20,4,173,0.9653179190751445,0.9710982658959537,0.9850746268656716,0.9698276876259794,0.8439306358381503,0.9329073482428115,0.9131638458865186
age_recode,90+ years,nested_pseudo90_nn20,5,185,0.9513513513513514,0.9837837837837838,0.9720670391061452,0.9328853993658462,0.8432432432432433,0.927710843373494,0.9005021508509145
derived_eod_composite_stage,EOD not applicable (88),frozen_tree,1,146,0.7328767123287672,0.773972602739726,0.9090909090909091,0.8591739310917393,0.8424657534246576,0.9043478260869565,0.8351130665334588
derived_eod_composite_stage,EOD not applicable (88),frozen_tree,2,145,0.8206896551724138,0.7655172413793103,0.8869565217391304,0.8295252373813093,0.8482758620689655,0.9173553719008265,0.857461764985276
derived_eod_composite_stage,EOD not applicable (88),frozen_tree,3,151,0.8013245033112583,0.7350993377483444,0.8793103448275862,0.8238182233386617,0.847682119205298,0.891566265060241,0.8118973457242691
derived_eod_composite_stage,EOD not applicable (88),frozen_tree,4,148,0.7094594594594594,0.831081081081081,0.8508771929824561,0.7489331436699858,0.8445945945945946,0.8608695652173913,0.76042445607663
derived_eod_composite_stage,EOD not applicable (88),frozen_tree,5,164,0.7621951219512195,0.823170731707317,0.8846153846153846,0.8071404922194017,0.8475609756097561,0.8863636363636364,0.8019158813747229
derived_eod_composite_stage,EOD not applicable (88),nested_pseudo90,1,146,0.7328767123287672,0.7671232876712328,0.8858447488584474,0.8248576968787139,0.8424657534246576,0.8956521739130435,0.8201233453092279
derived_eod_composite_stage,EOD not applicable (88),nested_pseudo90,2,145,0.8206896551724138,0.7793103448275862,0.896551724137931,0.8409036860879905,0.8482758620689655,0.9173553719008265,0.857461764985276
derived_eod_composite_stage,EOD not applicable (88),nested_pseudo90,3,151,0.8013245033112583,0.7284768211920529,0.8658008658008658,0.8057173060437681,0.847682119205298,0.8835341365461847,0.7979638157779186
derived_eod_composite_stage,EOD not applicable (88),nested_pseudo90,4,148,0.7094594594594594,0.8581081081081081,0.853448275862069,0.7416778308480895,0.8445945945945946,0.8521739130434782,0.7454509845814193
derived_eod_composite_stage,EOD not applicable (88),nested_pseudo90,5,164,0.7621951219512195,0.8109756097560976,0.8604651162790697,0.7713475407179321,0.8475609756097561,0.8712121212121212,0.7755046655580192
derived_eod_composite_stage,EOD not applicable (88),nested_pseudo90_nn20,1,146,0.7328767123287672,0.7808219178082192,0.8868778280542986,0.82303789887406,0.8424657534246576,0.9043478260869565,0.8351130665334588
derived_eod_composite_stage,EOD not applicable (88),nested_pseudo90_nn20,2,145,0.8206896551724138,0.7931034482758621,0.8974358974358975,0.8389794113932045,0.8482758620689655,0.9090909090909091,0.8432079414838034
derived_eod_composite_stage,EOD not applicable (88),nested_pseudo90_nn20,3,151,0.8013245033112583,0.7417218543046358,0.8669527896995708,0.80412600453035,0.847682119205298,0.8835341365461847,0.7979638157779186
derived_eod_composite_stage,EOD not applicable (88),nested_pseudo90_nn20,4,148,0.7094594594594594,0.8581081081081081,0.8620689655172413,0.7568732525629077,0.8445945945945946,0.8608695652173913,0.76042445607663
derived_eod_composite_stage,EOD not applicable (88),nested_pseudo90_nn20,5,164,0.7621951219512195,0.8109756097560976,0.8604651162790697,0.7713475407179321,0.8475609756097561,0.8712121212121212,0.7755046655580192
derived_eod_composite_stage,EOD unavailable (all blank),frozen_tree,1,2396,0.9181969949916527,0.9394824707846411,0.9593349809031678,0.9192411383018086,0.8451585976627712,0.9353846153846154,0.9012837159748679
derived_eod_composite_stage,EOD unavailable (all blank),frozen_tree,2,2386,0.914501257334451,0.9358759430008382,0.9603624009060022,0.9218402174253548,0.8449287510477788,0.9304430681276799,0.8928959644468889
derived_eod_composite_stage,EOD unavailable (all blank),frozen_tree,3,2365,0.9124735729386892,0.9395348837209302,0.95662100456621,0.9129034669270412,0.8448202959830867,0.9268527430221367,0.8868996014464546
derived_eod_composite_stage,EOD unavailable (all blank),frozen_tree,4,2396,0.9169449081803005,0.9411519198664441,0.9550763701707098,0.9099515700065266,0.8451585976627712,0.9232591189009948,0.8824225771084312
derived_eod_composite_stage,EOD unavailable (all blank),frozen_tree,5,2444,0.911620294599018,0.9435351882160393,0.9563299514777238,0.9107567809207588,0.8449263502454992,0.9284882366643373,0.8892074680001413
derived_eod_composite_stage,EOD unavailable (all blank),nested_pseudo90,1,2396,0.9181969949916527,0.9373956594323873,0.9581646423751687,0.9176118745307431,0.8451585976627712,0.9325443786982248,0.8969445386550816
derived_eod_composite_stage,EOD unavailable (all blank),nested_pseudo90,2,2386,0.914501257334451,0.9354568315171836,0.9596737652922519,0.9206110596269608,0.8449287510477788,0.9313959028108623,0.8943631430161095
derived_eod_composite_stage,EOD unavailable (all blank),nested_pseudo90,3,2365,0.9124735729386892,0.9395348837209302,0.9557077625570777,0.9110698557044529,0.8448202959830867,0.9258902791145333,0.8854114383075921
derived_eod_composite_stage,EOD unavailable (all blank),nested_pseudo90,4,2396,0.9169449081803005,0.9403171953255426,0.952808988764045,0.9057297019442682,0.8451585976627712,0.9251539554713406,0.8853257233526676
derived_eod_composite_stage,EOD unavailable (all blank),nested_pseudo90,5,2444,0.911620294599018,0.94189852700491,0.9554083885209713,0.909481503540367,0.8449263502454992,0.9266247379454927,0.88632036618907
derived_eod_composite_stage,EOD unavailable (all blank),nested_pseudo90_nn20,1,2396,0.9181969949916527,0.9390651085141903,0.9595505617977528,0.9198052342313081,0.8451585976627712,0.9339644970414201,0.899114127314975
derived_eod_composite_stage,EOD unavailable (all blank),nested_pseudo90_nn20,2,2386,0.914501257334451,0.9346186085498742,0.9592021758839528,0.9199409672165907,0.8449287510477788,0.9304430681276799,0.8928959644468889
derived_eod_composite_stage,EOD unavailable (all blank),nested_pseudo90_nn20,3,2365,0.9124735729386892,0.9357293868921776,0.9544726607183711,0.9099400715601333,0.8448202959830867,0.9263715110683349,0.8861555198770232
derived_eod_composite_stage,EOD unavailable (all blank),nested_pseudo90_nn20,4,2396,0.9169449081803005,0.9407345575959933,0.9534935969445069,0.9069385834627787,0.8451585976627712,0.9246802463287541,0.8845999367916085
derived_eod_composite_stage,EOD unavailable (all blank),nested_pseudo90_nn20,5,2444,0.911620294599018,0.943126022913257,0.9543348775645268,0.9068366658916195,0.8449263502454992,0.927556487304915,0.8877639170946056
derived_eod_composite_stage,M0 N0 T0-2 localized,frozen_tree,1,511,0.3972602739726027,0.30528375733855184,0.6072423398328691,0.715788517695956,0.8454011741682974,0.6330708661417322,0.49134382254464126
derived_eod_composite_stage,M0 N0 T0-2 localized,frozen_tree,2,518,0.42857142857142855,0.3436293436293436,0.695,0.7596720575022461,0.8455598455598455,0.6636363636363637,0.5184581376070738
derived_eod_composite_stage,M0 N0 T0-2 localized,frozen_tree,3,527,0.44212523719165087,0.33586337760910817,0.697560975609756,0.7588671948100555,0.8444022770398482,0.6814159292035398,0.5386646954139434
derived_eod_composite_stage,M0 N0 T0-2 localized,frozen_tree,4,512,0.400390625,0.314453125,0.6557377049180327,0.747341788018835,0.845703125,0.6394984326018809,0.4983783545771273
derived_eod_composite_stage,M0 N0 T0-2 localized,frozen_tree,5,498,0.43172690763052207,0.2751004016064257,0.6420454545454546,0.7342775251202438,0.8453815261044176,0.6572327044025157,0.5078972072777482
derived_eod_composite_stage,M0 N0 T0-2 localized,nested_pseudo90,1,511,0.3972602739726027,0.3268101761252446,0.6270270270270271,0.7242589088794652,0.8454011741682974,0.6362204724409449,0.49570996999061
derived_eod_composite_stage,M0 N0 T0-2 localized,nested_pseudo90,2,518,0.42857142857142855,0.3552123552123552,0.6995073891625616,0.7605598561263586,0.8455598455598455,0.6636363636363637,0.5184581376070738
derived_eod_composite_stage,M0 N0 T0-2 localized,nested_pseudo90,3,527,0.44212523719165087,0.33396584440227706,0.6894865525672371,0.752869060066685,0.8444022770398482,0.6814159292035398,0.5386646954139434
derived_eod_composite_stage,M0 N0 T0-2 localized,nested_pseudo90,4,512,0.400390625,0.326171875,0.6612903225806451,0.7485083891994855,0.845703125,0.6394984326018809,0.4983783545771273
derived_eod_composite_stage,M0 N0 T0-2 localized,nested_pseudo90,5,498,0.43172690763052207,0.2971887550200803,0.650137741046832,0.7349413320510116,0.8453815261044176,0.660377358490566,0.5124119117981359
derived_eod_composite_stage,M0 N0 T0-2 localized,nested_pseudo90_nn20,1,511,0.3972602739726027,0.3150684931506849,0.6153846153846154,0.7189650920341681,0.8454011741682974,0.6362204724409449,0.49570996999061
derived_eod_composite_stage,M0 N0 T0-2 localized,nested_pseudo90_nn20,2,518,0.42857142857142855,0.3552123552123552,0.6995073891625616,0.7605598561263586,0.8455598455598455,0.6666666666666666,0.5227963525835867
derived_eod_composite_stage,M0 N0 T0-2 localized,nested_pseudo90_nn20,3,527,0.44212523719165087,0.33586337760910817,0.697560975609756,0.7588671948100555,0.8444022770398482,0.6814159292035398,0.5386646954139434
derived_eod_composite_stage,M0 N0 T0-2 localized,nested_pseudo90_nn20,4,512,0.400390625,0.326171875,0.6559139784946236,0.7445164588693186,0.845703125,0.6363636363636364,0.4940164272256241
derived_eod_composite_stage,M0 N0 T0-2 localized,nested_pseudo90_nn20,5,498,0.43172690763052207,0.2931726907630522,0.6481994459833795,0.7344636162378044,0.8453815261044176,0.6635220125786163,0.5169266163185235
derived_eod_composite_stage,M0 N0 T3-4 locally advanced,frozen_tree,1,140,0.6928571428571428,0.6357142857142857,0.8064516129032258,0.7482694381802137,0.8428571428571429,0.8651162790697674,0.7695118834653718
derived_eod_composite_stage,M0 N0 T3-4 locally advanced,frozen_tree,2,107,0.5607476635514018,0.5700934579439252,0.8099173553719008,0.7847793028816407,0.8411214953271028,0.7733333333333333,0.6395443925233646
derived_eod_composite_stage,M0 N0 T3-4 locally advanced,frozen_tree,3,135,0.7185185185185186,0.7111111111111111,0.8497409326424871,0.7860235715157995,0.8444444444444444,0.8625592417061612,0.7628909655096497
derived_eod_composite_stage,M0 N0 T3-4 locally advanced,frozen_tree,4,116,0.6551724137931034,0.6293103448275862,0.8590604026845637,0.8204147299682415,0.8448275862068966,0.8620689655172413,0.7669441141498216
derived_eod_composite_stage,M0 N0 T3-4 locally advanced,frozen_tree,5,113,0.6548672566371682,0.6283185840707964,0.8137931034482758,0.7630149527006408,0.8407079646017699,0.8284023668639053,0.7120324768563815
derived_eod_composite_stage,M0 N0 T3-4 locally advanced,nested_pseudo90,1,140,0.6928571428571428,0.65,0.8085106382978723,0.7471388925597992,0.8428571428571429,0.8558139534883721,0.7536161512905699
derived_eod_composite_stage,M0 N0 T3-4 locally advanced,nested_pseudo90,2,107,0.5607476635514018,0.5607476635514018,0.8,0.7757009345794392,0.8411214953271028,0.76,0.618341121495327
derived_eod_composite_stage,M0 N0 T3-4 locally advanced,nested_pseudo90,3,135,0.7185185185185186,0.6888888888888889,0.8105263157894737,0.7371929824561404,0.8444444444444444,0.8720379146919431,0.7792433127158808
derived_eod_composite_stage,M0 N0 T3-4 locally advanced,nested_pseudo90,4,116,0.6551724137931034,0.6551724137931034,0.8289473684210527,0.7758620689655172,0.8448275862068966,0.8620689655172413,0.7669441141498216
derived_eod_composite_stage,M0 N0 T3-4 locally advanced,nested_pseudo90,5,113,0.6548672566371682,0.6637168141592921,0.8053691275167785,0.7425575552914152,0.8407079646017699,0.8284023668639053,0.7120324768563815
derived_eod_composite_stage,M0 N0 T3-4 locally advanced,nested_pseudo90_nn20,1,140,0.6928571428571428,0.6285714285714286,0.8108108108108109,0.7557610241820768,0.8428571428571429,0.8558139534883721,0.7536161512905699
derived_eod_composite_stage,M0 N0 T3-4 locally advanced,nested_pseudo90_nn20,2,107,0.5607476635514018,0.5700934579439252,0.7933884297520661,0.7660644596539572,0.8411214953271028,0.76,0.618341121495327
derived_eod_composite_stage,M0 N0 T3-4 locally advanced,nested_pseudo90_nn20,3,135,0.7185185185185186,0.6814814814814815,0.8253968253968254,0.7598667450519302,0.8444444444444444,0.8720379146919431,0.7792433127158808
derived_eod_composite_stage,M0 N0 T3-4 locally advanced,nested_pseudo90_nn20,4,116,0.6551724137931034,0.6551724137931034,0.8289473684210527,0.7758620689655172,0.8448275862068966,0.8620689655172413,0.7669441141498216
derived_eod_composite_stage,M0 N0 T3-4 locally advanced,nested_pseudo90_nn20,5,113,0.6548672566371682,0.6637168141592921,0.8187919463087249,0.760312206650628,0.8407079646017699,0.8284023668639053,0.7120324768563815
derived_eod_composite_stage,M0 N1-3 node-positive,frozen_tree,1,347,0.729106628242075,0.7492795389048992,0.8576998050682261,0.7869926468942838,0.8443804034582133,0.8864468864468864,0.803725313811769
derived_eod_composite_stage,M0 N1-3 node-positive,frozen_tree,2,383,0.720626631853786,0.7362924281984334,0.8602150537634409,0.7945022319548556,0.8459530026109661,0.87,0.7750467142722325
derived_eod_composite_stage,M0 N1-3 node-positive,frozen_tree,3,388,0.7345360824742269,0.729381443298969,0.852112676056338,0.7841648423451094,0.845360824742268,0.8776508972267537,0.7879841950330284
derived_eod_composite_stage,M0 N1-3 node-positive,frozen_tree,4,361,0.7368421052631579,0.7174515235457064,0.8571428571428571,0.7945498263425059,0.8448753462603878,0.8861646234676007,0.8028414130395637
derived_eod_composite_stage,M0 N1-3 node-positive,frozen_tree,5,350,0.6942857142857143,0.7142857142857143,0.8438133874239351,0.7778420593624756,0.8457142857142858,0.8682745825602969,0.7737268233097869
derived_eod_composite_stage,M0 N1-3 node-positive,nested_pseudo90,1,347,0.729106628242075,0.7550432276657061,0.8737864077669902,0.8096077318523286,0.8443804034582133,0.8864468864468864,0.803725313811769
derived_eod_composite_stage,M0 N1-3 node-positive,nested_pseudo90,2,383,0.720626631853786,0.741514360313316,0.8571428571428571,0.7885588264051596,0.8459530026109661,0.8666666666666667,0.7692786813048539
derived_eod_composite_stage,M0 N1-3 node-positive,nested_pseudo90,3,388,0.7345360824742269,0.75,0.8576388888888888,0.7865904209621992,0.845360824742268,0.8743882544861338,0.782330440233909
derived_eod_composite_stage,M0 N1-3 node-positive,nested_pseudo90,4,361,0.7368421052631579,0.7063711911357341,0.8637236084452975,0.8066295454739636,0.8448753462603878,0.8791593695271454,0.7907085769189214
derived_eod_composite_stage,M0 N1-3 node-positive,nested_pseudo90,5,350,0.6942857142857143,0.7228571428571429,0.842741935483871,0.7739272160477094,0.8457142857142858,0.8645640074211502,0.7673529310086542
derived_eod_composite_stage,M0 N1-3 node-positive,nested_pseudo90_nn20,1,347,0.729106628242075,0.760806916426513,0.8704061895551257,0.8029707350244727,0.8443804034582133,0.8864468864468864,0.803725313811769
derived_eod_composite_stage,M0 N1-3 node-positive,nested_pseudo90_nn20,2,383,0.720626631853786,0.741514360313316,0.8535714285714285,0.7832727970652886,0.8459530026109661,0.86,0.7577426153700966
derived_eod_composite_stage,M0 N1-3 node-positive,nested_pseudo90_nn20,3,388,0.7345360824742269,0.7474226804123711,0.8626086956521739,0.7947445649386415,0.845360824742268,0.8711256117455138,0.7766766854347898
derived_eod_composite_stage,M0 N1-3 node-positive,nested_pseudo90_nn20,4,361,0.7368421052631579,0.7091412742382271,0.8697318007662835,0.8145392216172616,0.8448753462603878,0.8791593695271454,0.7907085769189214
derived_eod_composite_stage,M0 N1-3 node-positive,nested_pseudo90_nn20,5,350,0.6942857142857143,0.72,0.8404040404040404,0.7713829585049098,0.8457142857142858,0.8645640074211502,0.7673529310086542
derived_eod_composite_stage,M0 indeterminate T/N,frozen_tree,1,196,0.9081632653061225,0.9540816326530612,0.958904109589041,0.9116578138104556,0.8469387755102041,0.9302325581395349,0.8907214048410063
derived_eod_composite_stage,M0 indeterminate T/N,frozen_tree,2,191,0.8795811518324608,0.9214659685863874,0.9476744186046512,0.8969348978192468,0.8429319371727748,0.9483282674772037,0.9159256044272469
derived_eod_composite_stage,M0 indeterminate T/N,frozen_tree,3,182,0.9120879120879121,0.9395604395604396,0.9614243323442137,0.9224875575023944,0.8461538461538461,0.93125,0.8933379120879121
derived_eod_composite_stage,M0 indeterminate T/N,frozen_tree,4,184,0.8913043478260869,0.9130434782608695,0.9457831325301205,0.897328444211629,0.842391304347826,0.9341692789968652,0.8947409412177028
derived_eod_composite_stage,M0 indeterminate T/N,frozen_tree,5,179,0.8770949720670391,0.9441340782122905,0.9447852760736196,0.8824373650478116,0.8435754189944135,0.9090909090909091,0.8514372778059929
derived_eod_composite_stage,M0 indeterminate T/N,nested_pseudo90,1,196,0.9081632653061225,0.9285714285714286,0.9611111111111111,0.9245039682539683,0.8469387755102041,0.936046511627907,0.899827954437589
derived_eod_composite_stage,M0 indeterminate T/N,nested_pseudo90,2,191,0.8795811518324608,0.900523560209424,0.9529411764705882,0.9127340988751522,0.8429319371727748,0.9422492401215805,0.9060344990657466
derived_eod_composite_stage,M0 indeterminate T/N,nested_pseudo90,3,182,0.9120879120879121,0.9395604395604396,0.9614243323442137,0.9224875575023944,0.8461538461538461,0.9375,0.9030344655344655
derived_eod_composite_stage,M0 indeterminate T/N,nested_pseudo90,4,184,0.8913043478260869,0.8967391304347826,0.9422492401215805,0.8955722045453774,0.842391304347826,0.9216300940438872,0.8746915966877414
derived_eod_composite_stage,M0 indeterminate T/N,nested_pseudo90,5,179,0.8770949720670391,0.9217877094972067,0.9440993788819876,0.8895173323154864,0.8435754189944135,0.9155844155844156,0.8620489008198506
derived_eod_composite_stage,M0 indeterminate T/N,nested_pseudo90_nn20,1,196,0.9081632653061225,0.9336734693877551,0.96398891966759,0.9287838806329431,0.8469387755102041,0.936046511627907,0.899827954437589
derived_eod_composite_stage,M0 indeterminate T/N,nested_pseudo90_nn20,2,191,0.8795811518324608,0.8952879581151832,0.9557522123893806,0.9190739050652484,0.8429319371727748,0.9422492401215805,0.9060344990657466
derived_eod_composite_stage,M0 indeterminate T/N,nested_pseudo90_nn20,3,182,0.9120879120879121,0.9395604395604396,0.9614243323442137,0.9224875575023944,0.8461538461538461,0.9375,0.9030344655344655
derived_eod_composite_stage,M0 indeterminate T/N,nested_pseudo90_nn20,4,184,0.8913043478260869,0.9021739130434783,0.9454545454545454,0.8998959850218431,0.842391304347826,0.9216300940438872,0.8746915966877414
derived_eod_composite_stage,M0 indeterminate T/N,nested_pseudo90_nn20,5,179,0.8770949720670391,0.9217877094972067,0.937888198757764,0.8772414803505404,0.8435754189944135,0.9090909090909091,0.8514372778059929
derived_eod_composite_stage,M1 distant/metastatic,frozen_tree,1,1064,0.8890977443609023,0.9398496240601504,0.9403905447070915,0.8763164136128923,0.8449248120300752,0.9149051490514906,0.8628170803347822
derived_eod_composite_stage,M1 distant/metastatic,frozen_tree,2,1070,0.8943925233644859,0.9485981308411215,0.9411764705882353,0.8744692269431137,0.8448598130841122,0.9145620634067706,0.8634000422597325
derived_eod_composite_stage,M1 distant/metastatic,frozen_tree,3,1052,0.8783269961977186,0.9467680608365019,0.9395833333333333,0.8702275169449496,0.8450570342205324,0.9145063430777717,0.8600999684845869
derived_eod_composite_stage,M1 distant/metastatic,frozen_tree,4,1083,0.8965835641735919,0.9390581717451524,0.9456740442655935,0.8885451900296547,0.8448753462603878,0.9247083775185578,0.8800478620226405
derived_eod_composite_stage,M1 distant/metastatic,frozen_tree,5,1052,0.8954372623574145,0.9391634980988594,0.9419689119170984,0.8807320506889328,0.8450570342205324,0.9131622064445658,0.8613430270008051
derived_eod_composite_stage,M1 distant/metastatic,nested_pseudo90,1,1064,0.8890977443609023,0.9360902255639098,0.94129763130793,0.8798355061768237,0.8449248120300752,0.9105691056910569,0.8558268678677647
derived_eod_composite_stage,M1 distant/metastatic,nested_pseudo90,2,1070,0.8943925233644859,0.9448598130841122,0.9380081300813008,0.8696473062589787,0.8448598130841122,0.9102632993014508,0.8565270884111656
derived_eod_composite_stage,M1 distant/metastatic,nested_pseudo90,3,1052,0.8783269961977186,0.9439163498098859,0.9337506520605112,0.8591778718825951,0.8450570342205324,0.9111969111969112,0.8546844833936676
derived_eod_composite_stage,M1 distant/metastatic,nested_pseudo90,4,1083,0.8965835641735919,0.9353647276084949,0.9445564516129032,0.8877857865409245,0.8448753462603878,0.926829268292683,0.8834267954867915
derived_eod_composite_stage,M1 distant/metastatic,nested_pseudo90,5,1052,0.8954372623574145,0.9315589353612167,0.9438085327783559,0.8876358484814506,0.8450570342205324,0.9142545057345712,0.8630871398687194
derived_eod_composite_stage,M1 distant/metastatic,nested_pseudo90_nn20,1,1064,0.8890977443609023,0.9360902255639098,0.9402677651905252,0.877727357162382,0.8449248120300752,0.9116531165311653,0.8575744209845191
derived_eod_composite_stage,M1 distant/metastatic,nested_pseudo90_nn20,2,1070,0.8943925233644859,0.9448598130841122,0.9400406504065041,0.8739211650701597,0.8448598130841122,0.9059645351961311,0.8496541345625986
derived_eod_composite_stage,M1 distant/metastatic,nested_pseudo90_nn20,3,1052,0.8783269961977186,0.9515209125475285,0.9392207792207792,0.86708668776685,0.8450570342205324,0.912300055157198,0.8564896450906408
derived_eod_composite_stage,M1 distant/metastatic,nested_pseudo90_nn20,4,1083,0.8965835641735919,0.9325946445060018,0.9459868753154972,0.8917588897072662,0.8448753462603878,0.9236479321314952,0.8783583952905649
derived_eod_composite_stage,M1 distant/metastatic,nested_pseudo90_nn20,5,1052,0.8954372623574145,0.9315589353612167,0.9438085327783559,0.8876358484814506,0.8450570342205324,0.9164391043145822,0.8665753656045483
histologic_type_icdo3,8000,frozen_tree,1,469,0.976545842217484,0.9808102345415778,0.9869281045751634,0.9731622002034644,0.8443496801705757,0.9250585480093677,0.9089464021478422
histologic_type_icdo3,8000,frozen_tree,2,455,0.9472527472527472,0.9802197802197802,0.976054732041049,0.9437513455757469,0.843956043956044,0.9349693251533743,0.9089720999052611
histologic_type_icdo3,8000,frozen_tree,3,444,0.9662162162162162,0.9864864864864865,0.9873125720876585,0.9700449337127538,0.8445945945945946,0.9303482587064676,0.9101788355519698
histologic_type_icdo3,8000,frozen_tree,4,472,0.961864406779661,0.9703389830508474,0.9802631578947368,0.9595645628902765,0.8453389830508474,0.9237983587338804,0.8994646440848282
histologic_type_icdo3,8000,frozen_tree,5,490,0.9571428571428572,0.9816326530612245,0.9831578947368421,0.9610225563909776,0.8448979591836735,0.9173272933182333,0.8886170956222678
histologic_type_icdo3,8000,nested_pseudo90,1,469,0.976545842217484,0.9808102345415778,0.9825708061002179,0.9642162669379526,0.8443496801705757,0.9250585480093677,0.9089464021478422
histologic_type_icdo3,8000,nested_pseudo90,2,455,0.9472527472527472,0.9802197802197802,0.976054732041049,0.9437513455757469,0.843956043956044,0.9325153374233128,0.9055370848073463
histologic_type_icdo3,8000,nested_pseudo90,3,444,0.9662162162162162,0.9797297297297297,0.9837962962962963,0.9646365115115114,0.8445945945945946,0.927860696517413,0.9069709368216832
histologic_type_icdo3,8000,nested_pseudo90,4,472,0.961864406779661,0.9639830508474576,0.9790979097909791,0.9591928442238897,0.8453389830508474,0.9261430246189918,0.9025580396514488
histologic_type_icdo3,8000,nested_pseudo90,5,490,0.9571428571428572,0.9816326530612245,0.9831578947368421,0.9610225563909776,0.8448979591836735,0.9173272933182333,0.8886170956222678
histologic_type_icdo3,8000,nested_pseudo90_nn20,1,469,0.976545842217484,0.9786780383795309,0.9836423118865867,0.9672729978399016,0.8443496801705757,0.9250585480093677,0.9089464021478422
histologic_type_icdo3,8000,nested_pseudo90_nn20,2,455,0.9472527472527472,0.9758241758241758,0.9782857142857143,0.9507968602825747,0.843956043956044,0.9349693251533743,0.9089720999052611
histologic_type_icdo3,8000,nested_pseudo90_nn20,3,444,0.9662162162162162,0.9774774774774775,0.984936268829664,0.967877611098932,0.8445945945945946,0.927860696517413,0.9069709368216832
histologic_type_icdo3,8000,nested_pseudo90_nn20,4,472,0.961864406779661,0.9661016949152542,0.9802197802197802,0.9607846789302423,0.8453389830508474,0.9261430246189918,0.9025580396514488
histologic_type_icdo3,8000,nested_pseudo90_nn20,5,490,0.9571428571428572,0.9816326530612245,0.9831578947368421,0.9610225563909776,0.8448979591836735,0.9173272933182333,0.8886170956222678
histologic_type_icdo3,8010,frozen_tree,1,198,0.9090909090909091,0.9646464646464646,0.9595687331536388,0.9086988483214898,0.8434343434343434,0.9394812680115274,0.9060219319585314
histologic_type_icdo3,8010,frozen_tree,2,193,0.9326424870466321,0.9689119170984456,0.9700272479564033,0.9330496831226888,0.844559585492228,0.9154518950437318,0.8757196852197234
histologic_type_icdo3,8010,frozen_tree,3,202,0.9257425742574258,0.9554455445544554,0.968421052631579,0.9336373110995311,0.8465346534653465,0.9273743016759777,0.8907957106130823
histologic_type_icdo3,8010,frozen_tree,4,188,0.9680851063829787,0.9893617021276596,0.9836956521739131,0.9602798334875117,0.8457446808510638,0.9208211143695014,0.8987280392908396
histologic_type_icdo3,8010,frozen_tree,5,182,0.9340659340659341,0.9560439560439561,0.9709302325581395,0.9398798875543061,0.8461538461538461,0.9320987654320988,0.9003120336453669
histologic_type_icdo3,8010,nested_pseudo90,1,198,0.9090909090909091,0.9545454545454546,0.959349593495935,0.912540034491254,0.8434343434343434,0.9337175792507204,0.8970716397641056
histologic_type_icdo3,8010,nested_pseudo90,2,193,0.9326424870466321,0.9637305699481865,0.9672131147540983,0.9290070500297289,0.844559585492228,0.9271137026239067,0.8928617976032098
histologic_type_icdo3,8010,nested_pseudo90,3,202,0.9257425742574258,0.9554455445544554,0.968421052631579,0.9336373110995311,0.8465346534653465,0.9273743016759777,0.8907957106130823
histologic_type_icdo3,8010,nested_pseudo90,4,188,0.9680851063829787,0.9893617021276596,0.9836956521739131,0.9602798334875117,0.8457446808510638,0.9266862170087976,0.9062296660100366
histologic_type_icdo3,8010,nested_pseudo90,5,182,0.9340659340659341,0.9560439560439561,0.9709302325581395,0.9398798875543061,0.8461538461538461,0.9197530864197531,0.8821869488536155
histologic_type_icdo3,8010,nested_pseudo90_nn20,1,198,0.9090909090909091,0.9646464646464646,0.9595687331536388,0.9086988483214898,0.8434343434343434,0.9337175792507204,0.8970716397641056
histologic_type_icdo3,8010,nested_pseudo90_nn20,2,193,0.9326424870466321,0.9637305699481865,0.9672131147540983,0.9290070500297289,0.844559585492228,0.9212827988338192,0.8842907414114666
histologic_type_icdo3,8010,nested_pseudo90_nn20,3,202,0.9257425742574258,0.9603960396039604,0.9711286089238845,0.9377581030954859,0.8465346534653465,0.9273743016759777,0.8907957106130823
histologic_type_icdo3,8010,nested_pseudo90_nn20,4,188,0.9680851063829787,0.9893617021276596,0.9836956521739131,0.9602798334875117,0.8457446808510638,0.9266862170087976,0.9062296660100366
histologic_type_icdo3,8010,nested_pseudo90_nn20,5,182,0.9340659340659341,0.945054945054945,0.9649122807017544,0.931261720735405,0.8461538461538461,0.9259259259259259,0.8912494912494914
histologic_type_icdo3,8041,frozen_tree,1,535,0.9271028037383178,0.9719626168224299,0.9606299212598425,0.9095019664598,0.8448598130841122,0.9261603375527426,0.8897167817679111
histologic_type_icdo3,8041,frozen_tree,2,562,0.9288256227758007,0.9626334519572953,0.9633113828786454,0.9204177426527573,0.8451957295373665,0.9307923771313942,0.8970486430569765
histologic_type_icdo3,8041,frozen_tree,3,500,0.932,0.962,0.9630411826821542,0.9206487218824093,0.844,0.9234234234234234,0.8873449163449163
histologic_type_icdo3,8041,frozen_tree,4,531,0.9322033898305084,0.9642184557438794,0.9652432969215492,0.9244563861903502,0.8455743879472694,0.934322033898305,0.9031528296466532
histologic_type_icdo3,8041,frozen_tree,5,559,0.924865831842576,0.9677996422182469,0.9584120982986768,0.9064383807163074,0.8443649373881932,0.9201213346814965,0.8801105541999562
histologic_type_icdo3,8041,nested_pseudo90,1,535,0.9271028037383178,0.9738317757009346,0.9636184857423795,0.9153801006240758,0.8448598130841122,0.9261603375527426,0.8897167817679111
histologic_type_icdo3,8041,nested_pseudo90,2,562,0.9288256227758007,0.9555160142348754,0.9669499527856469,0.9309776046541747,0.8451957295373665,0.9307923771313942,0.8970486430569765
histologic_type_icdo3,8041,nested_pseudo90,3,500,0.932,0.956,0.961864406779661,0.9207433414043584,0.844,0.9211711711711712,0.8840315315315316
histologic_type_icdo3,8041,nested_pseudo90,4,531,0.9322033898305084,0.9548022598870056,0.9660678642714571,0.9299502689536182,0.8455743879472694,0.9322033898305084,0.9000287273771904
histologic_type_icdo3,8041,nested_pseudo90,5,559,0.924865831842576,0.9660107334525939,0.9574266792809839,0.9051985449568722,0.8443649373881932,0.9221435793731041,0.8831457300429953
histologic_type_icdo3,8041,nested_pseudo90_nn20,1,535,0.9271028037383178,0.9719626168224299,0.9625984251968503,0.9140268681368099,0.8448598130841122,0.9219409282700421,0.8834148835832203
histologic_type_icdo3,8041,nested_pseudo90_nn20,2,562,0.9288256227758007,0.9555160142348754,0.9669499527856469,0.9309776046541747,0.8451957295373665,0.9327983951855566,0.900032740359673
histologic_type_icdo3,8041,nested_pseudo90_nn20,3,500,0.932,0.956,0.961864406779661,0.9207433414043584,0.844,0.9234234234234234,0.8873449163449163
histologic_type_icdo3,8041,nested_pseudo90_nn20,4,531,0.9322033898305084,0.9529190207156308,0.967032967032967,0.9325911654336216,0.8455743879472694,0.9322033898305084,0.9000287273771904
histologic_type_icdo3,8041,nested_pseudo90_nn20,5,559,0.924865831842576,0.960644007155635,0.9582542694497154,0.9097360595805061,0.8443649373881932,0.9241658240647118,0.8861809058860344
histologic_type_icdo3,8046,frozen_tree,1,244,0.860655737704918,0.9098360655737705,0.9444444444444444,0.8924668227946915,0.8442622950819673,0.9134615384615384,0.8558480453972257
histologic_type_icdo3,8046,frozen_tree,2,232,0.896551724137931,0.9008620689655172,0.9448441247002398,0.8999262805456295,0.8448275862068966,0.9405940594059405,0.9053601911915329
histologic_type_icdo3,8046,frozen_tree,3,259,0.8764478764478765,0.8996138996138996,0.9347826086956522,0.8789340850810117,0.8455598455598455,0.9192825112107623,0.8674792665824056
histologic_type_icdo3,8046,frozen_tree,4,257,0.8287937743190662,0.9260700389105059,0.9135254988913526,0.8223456654698944,0.8443579766536965,0.9069767441860465,0.8413761305807274
histologic_type_icdo3,8046,frozen_tree,5,268,0.8768656716417911,0.9216417910447762,0.9377593360995851,0.8770153382465267,0.8432835820895522,0.9240780911062907,0.8759639977984265
histologic_type_icdo3,8046,nested_pseudo90,1,244,0.860655737704918,0.8975409836065574,0.9324009324009324,0.8733292270385907,0.8442622950819673,0.9134615384615384,0.8558480453972257
histologic_type_icdo3,8046,nested_pseudo90,2,232,0.896551724137931,0.9008620689655172,0.9448441247002398,0.8999262805456295,0.8448275862068966,0.9207920792079208,0.8738135882553772
histologic_type_icdo3,8046,nested_pseudo90,3,259,0.8764478764478765,0.888030888030888,0.9277899343544858,0.8698719679097768,0.8455598455598455,0.905829596412556,0.8453924776794731
histologic_type_icdo3,8046,nested_pseudo90,4,257,0.8287937743190662,0.9260700389105059,0.917960088691796,0.8314561441637459,0.8443579766536965,0.9023255813953488,0.8334449371097638
histologic_type_icdo3,8046,nested_pseudo90,5,268,0.8768656716417911,0.914179104477612,0.9333333333333333,0.871179815209666,0.8432835820895522,0.9154013015184381,0.8617884546896752
histologic_type_icdo3,8046,nested_pseudo90_nn20,1,244,0.860655737704918,0.9016393442622951,0.9348837209302325,0.8766876569340186,0.8442622950819673,0.9182692307692307,0.8638564873196021
histologic_type_icdo3,8046,nested_pseudo90_nn20,2,232,0.896551724137931,0.9051724137931034,0.9473684210526315,0.9033378047818196,0.8448275862068966,0.9158415841584159,0.8659269375213384
histologic_type_icdo3,8046,nested_pseudo90_nn20,3,259,0.8764478764478765,0.8918918918918919,0.925764192139738,0.8649233138316108,0.8455598455598455,0.9147982062780269,0.8601170036147615
histologic_type_icdo3,8046,nested_pseudo90_nn20,4,257,0.8287937743190662,0.9299610894941635,0.9203539823008849,0.8345798098572541,0.8443579766536965,0.9023255813953488,0.8334449371097638
histologic_type_icdo3,8046,nested_pseudo90_nn20,5,268,0.8768656716417911,0.914179104477612,0.9333333333333333,0.871179815209666,0.8432835820895522,0.9197396963123644,0.8688762262440509
histologic_type_icdo3,8070,frozen_tree,1,760,0.8789473684210526,0.9118421052631579,0.9404849375459221,0.886021070726808,0.8447368421052631,0.9297709923664123,0.8852398171000019
histologic_type_icdo3,8070,frozen_tree,2,780,0.8794871794871795,0.9038461538461539,0.9432063263838965,0.8937162967910078,0.8448717948717949,0.9159851301115242,0.8627707026842498
histologic_type_icdo3,8070,frozen_tree,3,823,0.8699878493317132,0.8991494532199271,0.9409340659340659,0.8897657500138795,0.8444714459295262,0.9213323883770376,0.8701501391810984
histologic_type_icdo3,8070,frozen_tree,4,785,0.8726114649681529,0.9057324840764331,0.9340974212034384,0.8751377965681075,0.8445859872611465,0.9228486646884273,0.8729993483627081
histologic_type_icdo3,8070,frozen_tree,5,808,0.8613861386138614,0.9108910891089109,0.9399441340782123,0.8834817960785635,0.8452970297029703,0.9282088469905729,0.8802581031916541
histologic_type_icdo3,8070,nested_pseudo90,1,760,0.8789473684210526,0.9131578947368421,0.9441997063142438,0.8927266306065169,0.8447368421052631,0.9267175572519084,0.8802502439304368
histologic_type_icdo3,8070,nested_pseudo90,2,780,0.8794871794871795,0.8948717948717949,0.9335260115606936,0.8785416414029131,0.8448717948717949,0.9189591078066914,0.8676283769255152
histologic_type_icdo3,8070,nested_pseudo90,3,823,0.8699878493317132,0.8930741190765492,0.9317711922811854,0.874635597509419,0.8444714459295262,0.9213323883770376,0.8701501391810984
histologic_type_icdo3,8070,nested_pseudo90,4,785,0.8726114649681529,0.9095541401273886,0.9335239456754825,0.8727107488858915,0.8445859872611465,0.9198813056379822,0.8681147079151199
histologic_type_icdo3,8070,nested_pseudo90,5,808,0.8613861386138614,0.9034653465346535,0.9396914446002805,0.885310035395656,0.8452970297029703,0.9282088469905729,0.8802581031916541
histologic_type_icdo3,8070,nested_pseudo90_nn20,1,760,0.8789473684210526,0.9078947368421053,0.9425625920471281,0.8912309410410333,0.8447368421052631,0.9267175572519084,0.8802502439304368
histologic_type_icdo3,8070,nested_pseudo90_nn20,2,780,0.8794871794871795,0.8935897435897436,0.9327548806941431,0.8775384841637278,0.8448717948717949,0.9144981412639405,0.860341865563617
histologic_type_icdo3,8070,nested_pseudo90_nn20,3,823,0.8699878493317132,0.8894289185905225,0.9337016574585635,0.8792850532947066,0.8444714459295262,0.9241672572643516,0.8748294134448427
histologic_type_icdo3,8070,nested_pseudo90_nn20,4,785,0.8726114649681529,0.9031847133757962,0.9311334289813487,0.8704215851041648,0.8445859872611465,0.9198813056379822,0.8681147079151199
histologic_type_icdo3,8070,nested_pseudo90_nn20,5,808,0.8613861386138614,0.9047029702970297,0.9390329362298528,0.883677435718344,0.8452970297029703,0.9253081943437274,0.8754200467549532
histologic_type_icdo3,8071,frozen_tree,1,70,0.7142857142857143,0.6714285714285714,0.8865979381443299,0.8459088262492721,0.8428571428571429,0.8807339449541285,0.7949942924787554
histologic_type_icdo3,8071,frozen_tree,2,64,0.6875,0.6875,0.8181818181818182,0.75,0.84375,0.8163265306122449,0.6862244897959184
histologic_type_icdo3,8071,frozen_tree,3,52,0.75,0.6538461538461539,0.8493150684931506,0.7982766239505081,0.8461538461538461,0.9156626506024096,0.8534136546184737
histologic_type_icdo3,8071,frozen_tree,4,50,0.68,0.66,0.8955223880597015,0.8610764360018092,0.84,0.868421052631579,0.7771929824561404
histologic_type_icdo3,8071,frozen_tree,5,57,0.7017543859649122,0.6666666666666666,0.8974358974358975,0.8617483880641775,0.8421052631578947,0.8863636363636364,0.8055453318611213
histologic_type_icdo3,8071,nested_pseudo90,1,70,0.7142857142857143,0.7,0.8888888888888888,0.8439798683701122,0.8428571428571429,0.8807339449541285,0.7949942924787554
histologic_type_icdo3,8071,nested_pseudo90,2,64,0.6875,0.734375,0.8351648351648352,0.7599866349866351,0.84375,0.8163265306122449,0.6862244897959184
histologic_type_icdo3,8071,nested_pseudo90,3,52,0.75,0.6346153846153846,0.8333333333333334,0.78125,0.8461538461538461,0.8674698795180723,0.7696500286861733
histologic_type_icdo3,8071,nested_pseudo90,4,50,0.68,0.58,0.8571428571428571,0.825019305019305,0.84,0.868421052631579,0.7771929824561404
histologic_type_icdo3,8071,nested_pseudo90,5,57,0.7017543859649122,0.6666666666666666,0.8717948717948718,0.827185485080222,0.8421052631578947,0.8863636363636364,0.8055453318611213
histologic_type_icdo3,8071,nested_pseudo90_nn20,1,70,0.7142857142857143,0.6857142857142857,0.8979591836734694,0.859086491739553,0.8428571428571429,0.8807339449541285,0.7949942924787554
histologic_type_icdo3,8071,nested_pseudo90_nn20,2,64,0.6875,0.734375,0.8351648351648352,0.7599866349866351,0.84375,0.8163265306122449,0.6862244897959184
histologic_type_icdo3,8071,nested_pseudo90_nn20,3,52,0.75,0.6538461538461539,0.821917808219178,0.7615996464869641,0.8461538461538461,0.891566265060241,0.8115318416523236
histologic_type_icdo3,8071,nested_pseudo90_nn20,4,50,0.68,0.58,0.8571428571428571,0.825019305019305,0.84,0.868421052631579,0.7771929824561404
histologic_type_icdo3,8071,nested_pseudo90_nn20,5,57,0.7017543859649122,0.6491228070175439,0.8571428571428571,0.8110817584501795,0.8421052631578947,0.8636363636363636,0.7666543982333456
histologic_type_icdo3,8140,frozen_tree,1,1803,0.8291735995562951,0.8474764281752635,0.9156467085676481,0.8553382408078526,0.8452579034941764,0.9148724743292481,0.8546233874214437
histologic_type_icdo3,8140,frozen_tree,2,1767,0.8279569892473119,0.8573853989813243,0.9241101410342512,0.8672353090036042,0.8449349179400113,0.9215155615696887,0.8659629345392077
histologic_type_icdo3,8140,frozen_tree,3,1816,0.8265418502202643,0.8562775330396476,0.9142670157068062,0.8502387337973107,0.8452643171806168,0.9130434782608695,0.8512929843211914
histologic_type_icdo3,8140,frozen_tree,4,1820,0.8192307692307692,0.85,0.9190256747860435,0.8597941871653157,0.845054945054945,0.9184549356223176,0.8601188511059756
histologic_type_icdo3,8140,frozen_tree,5,1735,0.8230547550432277,0.8311239193083574,0.913588850174216,0.8557415243316697,0.8449567723342939,0.9163787145818936,0.8568335248034901
histologic_type_icdo3,8140,nested_pseudo90,1,1803,0.8291735995562951,0.8452579034941764,0.9148724743292481,0.8546233874214437,0.8452579034941764,0.9148724743292481,0.8546233874214437
histologic_type_icdo3,8140,nested_pseudo90,2,1767,0.8279569892473119,0.8568194680249009,0.9250923748740343,0.8691007290587529,0.8449349179400113,0.9201623815967523,0.8636519506519527
histologic_type_icdo3,8140,nested_pseudo90,3,1816,0.8265418502202643,0.8535242290748899,0.9124877089478859,0.8479543034064968,0.8452643171806168,0.9117259552042161,0.8490398477199972
histologic_type_icdo3,8140,nested_pseudo90,4,1820,0.8192307692307692,0.85,0.9163923633969717,0.8552346485365454,0.845054945054945,0.9177946517002311,0.8589862102242425
histologic_type_icdo3,8140,nested_pseudo90,5,1735,0.8230547550432277,0.8288184438040346,0.9127704117236567,0.8549663466959888,0.8449567723342939,0.9156876295784382,0.8556503307936015
histologic_type_icdo3,8140,nested_pseudo90_nn20,1,1803,0.8291735995562951,0.8469217970049917,0.9152878888153541,0.8548761481690612,0.8452579034941764,0.9148724743292481,0.8546233874214437
histologic_type_icdo3,8140,nested_pseudo90_nn20,2,1767,0.8279569892473119,0.8590831918505942,0.9251928882925193,0.8686857293819394,0.8449349179400113,0.9215155615696887,0.8659629345392077
histologic_type_icdo3,8140,nested_pseudo90_nn20,3,1816,0.8265418502202643,0.8568281938325991,0.9152764147857376,0.8518408271319675,0.8452643171806168,0.9117259552042161,0.8490398477199972
histologic_type_icdo3,8140,nested_pseudo90_nn20,4,1820,0.8192307692307692,0.8505494505494505,0.9187232642316552,0.8591227519780295,0.845054945054945,0.9184549356223176,0.8601188511059756
histologic_type_icdo3,8140,nested_pseudo90_nn20,5,1735,0.8230547550432277,0.8311239193083574,0.9128919860627178,0.854578149527893,0.8449567723342939,0.9143054595715273,0.8532839427738244
histologic_type_icdo3,8240,frozen_tree,1,68,0.36764705882352944,0.25,0.6190476190476191,0.7523094344120627,0.8382352941176471,0.6097560975609756,0.4818003081991604
histologic_type_icdo3,8240,frozen_tree,2,69,0.30434782608695654,0.30434782608695654,0.6666666666666666,0.7971014492753623,0.8405797101449275,0.5316455696202531,0.4212008992285664
histologic_type_icdo3,8240,frozen_tree,3,59,0.1864406779661017,0.1694915254237288,0.6666666666666666,0.879142640806104,0.847457627118644,0.36065573770491804,0.32415437036603734
histologic_type_icdo3,8240,frozen_tree,4,69,0.37681159420289856,0.2318840579710145,0.5238095238095238,0.6907349896480331,0.8405797101449275,0.6190476190476191,0.4871558929529944
histologic_type_icdo3,8240,frozen_tree,5,58,0.3620689655172414,0.3448275862068966,0.7317073170731707,0.8092963274460331,0.8448275862068966,0.5714285714285714,0.4287856071964018
histologic_type_icdo3,8240,nested_pseudo90,1,68,0.36764705882352944,0.22058823529411764,0.6,0.7475490196078431,0.8382352941176471,0.6097560975609756,0.4818003081991604
histologic_type_icdo3,8240,nested_pseudo90,2,69,0.30434782608695654,0.30434782608695654,0.6666666666666666,0.7971014492753623,0.8405797101449275,0.5316455696202531,0.4212008992285664
histologic_type_icdo3,8240,nested_pseudo90,3,59,0.1864406779661017,0.2033898305084746,0.6956521739130435,0.883310708606446,0.847457627118644,0.36065573770491804,0.32415437036603734
histologic_type_icdo3,8240,nested_pseudo90,4,69,0.37681159420289856,0.17391304347826086,0.42105263157894735,0.644744469870328,0.8405797101449275,0.6190476190476191,0.4871558929529944
histologic_type_icdo3,8240,nested_pseudo90,5,58,0.3620689655172414,0.27586206896551724,0.7027027027027027,0.8035320348720612,0.8448275862068966,0.5714285714285714,0.4287856071964018
histologic_type_icdo3,8240,nested_pseudo90_nn20,1,68,0.36764705882352944,0.2647058823529412,0.6511627906976745,0.7697586161246194,0.8382352941176471,0.6097560975609756,0.4818003081991604
histologic_type_icdo3,8240,nested_pseudo90_nn20,2,69,0.30434782608695654,0.30434782608695654,0.6666666666666666,0.7971014492753623,0.8405797101449275,0.5316455696202531,0.4212008992285664
histologic_type_icdo3,8240,nested_pseudo90_nn20,3,59,0.1864406779661017,0.2033898305084746,0.6956521739130435,0.883310708606446,0.847457627118644,0.36065573770491804,0.32415437036603734
histologic_type_icdo3,8240,nested_pseudo90_nn20,4,69,0.37681159420289856,0.2028985507246377,0.45,0.6528541851523219,0.8405797101449275,0.6190476190476191,0.4871558929529944
histologic_type_icdo3,8240,nested_pseudo90_nn20,5,58,0.3620689655172414,0.3103448275862069,0.717948717948718,0.8067449791587722,0.8448275862068966,0.5714285714285714,0.4287856071964018
histologic_type_icdo3,8246,frozen_tree,1,47,0.9574468085106383,0.9361702127659575,0.9662921348314607,0.9421945971790581,0.851063829787234,0.9176470588235294,0.8880545125851758
histologic_type_icdo3,8246,frozen_tree,2,46,0.8913043478260869,0.9130434782608695,0.9879518072289156,0.9771840987136953,0.8478260869565217,0.95,0.9192028985507246
histologic_type_icdo3,8246,frozen_tree,3,43,0.9302325581395349,0.9302325581395349,0.975,0.9534883720930233,0.8372093023255814,0.9473684210526315,0.9231334149326804
histologic_type_icdo3,8246,frozen_tree,4,36,0.9166666666666666,0.9166666666666666,0.9696969696969697,0.9444444444444444,0.8333333333333334,0.9523809523809523,0.9285714285714286
histologic_type_icdo3,8246,frozen_tree,5,49,0.9387755102040817,0.9183673469387755,0.989010989010989,0.9809374299170217,0.8367346938775511,0.9425287356321839,0.9182180709274305
histologic_type_icdo3,8246,nested_pseudo90,1,47,0.9574468085106383,0.9361702127659575,0.9662921348314607,0.9421945971790581,0.851063829787234,0.9176470588235294,0.8880545125851758
histologic_type_icdo3,8246,nested_pseudo90,2,46,0.8913043478260869,0.9347826086956522,0.9761904761904762,0.9516045548654245,0.8478260869565217,0.95,0.9192028985507246
histologic_type_icdo3,8246,nested_pseudo90,3,43,0.9302325581395349,0.9302325581395349,0.975,0.9534883720930233,0.8372093023255814,0.9210526315789473,0.8847001223990207
histologic_type_icdo3,8246,nested_pseudo90,4,36,0.9166666666666666,0.9166666666666666,0.9696969696969697,0.9444444444444444,0.8333333333333334,0.9206349206349206,0.8809523809523809
histologic_type_icdo3,8246,nested_pseudo90,5,49,0.9387755102040817,0.9591836734693877,0.989247311827957,0.9776607417160412,0.8367346938775511,0.9425287356321839,0.9182180709274305
histologic_type_icdo3,8246,nested_pseudo90_nn20,1,47,0.9574468085106383,0.9361702127659575,0.9662921348314607,0.9421945971790581,0.851063829787234,0.9176470588235294,0.8880545125851758
histologic_type_icdo3,8246,nested_pseudo90_nn20,2,46,0.8913043478260869,0.9347826086956522,0.9761904761904762,0.9516045548654245,0.8478260869565217,0.95,0.9192028985507246
histologic_type_icdo3,8246,nested_pseudo90_nn20,3,43,0.9302325581395349,0.9302325581395349,0.975,0.9534883720930233,0.8372093023255814,0.9210526315789473,0.8847001223990207
histologic_type_icdo3,8246,nested_pseudo90_nn20,4,36,0.9166666666666666,0.9166666666666666,0.9696969696969697,0.9444444444444444,0.8333333333333334,0.9206349206349206,0.8809523809523809
histologic_type_icdo3,8246,nested_pseudo90_nn20,5,49,0.9387755102040817,0.9591836734693877,0.989247311827957,0.9776607417160412,0.8367346938775511,0.9425287356321839,0.9182180709274305
histologic_type_icdo3,8255,frozen_tree,1,57,0.631578947368421,0.6140350877192983,0.9295774647887324,0.9126829520575104,0.8421052631578947,0.8571428571428571,0.762406015037594
histologic_type_icdo3,8255,frozen_tree,2,47,0.6595744680851063,0.574468085106383,0.7931034482758621,0.7500611396429445,0.851063829787234,0.8169014084507042,0.68681841278941
histologic_type_icdo3,8255,frozen_tree,3,59,0.559322033898305,0.559322033898305,0.696969696969697,0.6610169491525424,0.847457627118644,0.7710843373493976,0.6327372443770239
histologic_type_icdo3,8255,frozen_tree,4,51,0.6274509803921569,0.47058823529411764,0.7142857142857143,0.6911460236268421,0.8431372549019608,0.8266666666666667,0.7118663761801016
histologic_type_icdo3,8255,frozen_tree,5,39,0.5384615384615384,0.6410256410256411,0.7391304347826086,0.6864548494983277,0.8461538461538461,0.7407407407407407,0.5911680911680912
histologic_type_icdo3,8255,nested_pseudo90,1,57,0.631578947368421,0.5964912280701754,0.9142857142857143,0.8956254272043745,0.8421052631578947,0.8571428571428571,0.762406015037594
histologic_type_icdo3,8255,nested_pseudo90,2,47,0.6595744680851063,0.5957446808510638,0.8135593220338984,0.7700376075421153,0.851063829787234,0.8450704225352113,0.735000195437193
histologic_type_icdo3,8255,nested_pseudo90,3,59,0.559322033898305,0.5423728813559322,0.7076923076923077,0.6785269735061868,0.847457627118644,0.7710843373493976,0.6327372443770239
histologic_type_icdo3,8255,nested_pseudo90,4,51,0.6274509803921569,0.5294117647058824,0.7457627118644068,0.7105196039787615,0.8431372549019608,0.8266666666666667,0.7118663761801016
histologic_type_icdo3,8255,nested_pseudo90,5,39,0.5384615384615384,0.5897435897435898,0.7727272727272727,0.741875771287536,0.8461538461538461,0.7407407407407407,0.5911680911680912
histologic_type_icdo3,8255,nested_pseudo90_nn20,1,57,0.631578947368421,0.6491228070175439,0.958904109589041,0.947087062795646,0.8421052631578947,0.8571428571428571,0.762406015037594
histologic_type_icdo3,8255,nested_pseudo90_nn20,2,47,0.6595744680851063,0.5531914893617021,0.8070175438596491,0.7715061085721779,0.851063829787234,0.8169014084507042,0.68681841278941
histologic_type_icdo3,8255,nested_pseudo90_nn20,3,59,0.559322033898305,0.5423728813559322,0.7076923076923077,0.6785269735061868,0.847457627118644,0.7710843373493976,0.6327372443770239
histologic_type_icdo3,8255,nested_pseudo90_nn20,4,51,0.6274509803921569,0.5098039215686274,0.7586206896551724,0.7300079906570778,0.8431372549019608,0.8,0.6675381263616558
histologic_type_icdo3,8255,nested_pseudo90_nn20,5,39,0.5384615384615384,0.6153846153846154,0.7555555555555555,0.7145299145299145,0.8461538461538461,0.7407407407407407,0.5911680911680912
histologic_type_icdo3,8550,frozen_tree,1,59,0.6440677966101694,0.7288135593220338,0.7407407407407407,0.6310038852411733,0.847457627118644,0.7727272727272727,0.6163328197226502
histologic_type_icdo3,8550,frozen_tree,2,56,0.5892857142857143,0.5535714285714286,0.78125,0.7513020833333334,0.8392857142857143,0.75,0.5959821428571429
histologic_type_icdo3,8550,frozen_tree,3,42,0.6428571428571429,0.5238095238095238,0.7755102040816326,0.7434402332361516,0.8333333333333334,0.8064516129032258,0.6807708420611647
histologic_type_icdo3,8550,frozen_tree,4,44,0.8181818181818182,0.4772727272727273,0.6666666666666666,0.6158357771260997,0.8409090909090909,0.821917808219178,0.6967206309672063
histologic_type_icdo3,8550,frozen_tree,5,51,0.5882352941176471,0.5294117647058824,0.7017543859649122,0.6690058479532164,0.8431372549019608,0.7671232876712328,0.6216343882853094
histologic_type_icdo3,8550,nested_pseudo90,1,59,0.6440677966101694,0.7796610169491526,0.7619047619047619,0.6372786402696672,0.847457627118644,0.7727272727272727,0.6163328197226502
histologic_type_icdo3,8550,nested_pseudo90,2,56,0.5892857142857143,0.48214285714285715,0.7666666666666667,0.7519230769230768,0.8392857142857143,0.775,0.6363839285714287
histologic_type_icdo3,8550,nested_pseudo90,3,42,0.6428571428571429,0.5714285714285714,0.7450980392156863,0.695441813088872,0.8333333333333334,0.7419354838709677,0.5743611227482195
histologic_type_icdo3,8550,nested_pseudo90,4,44,0.8181818181818182,0.5,0.6551724137931034,0.5966562173458725,0.8409090909090909,0.821917808219178,0.6967206309672063
histologic_type_icdo3,8550,nested_pseudo90,5,51,0.5882352941176471,0.5490196078431373,0.7241379310344828,0.6879955744053108,0.8431372549019608,0.7397260273972602,0.5771207869071106
histologic_type_icdo3,8550,nested_pseudo90_nn20,1,59,0.6440677966101694,0.7796610169491526,0.7619047619047619,0.6372786402696672,0.847457627118644,0.7727272727272727,0.6163328197226502
histologic_type_icdo3,8550,nested_pseudo90_nn20,2,56,0.5892857142857143,0.5,0.7540983606557377,0.7342953574872573,0.8392857142857143,0.75,0.5959821428571429
histologic_type_icdo3,8550,nested_pseudo90_nn20,3,42,0.6428571428571429,0.5476190476190477,0.76,0.7196638655462185,0.8333333333333334,0.7419354838709677,0.5743611227482195
histologic_type_icdo3,8550,nested_pseudo90_nn20,4,44,0.8181818181818182,0.5,0.6551724137931034,0.5966562173458725,0.8409090909090909,0.821917808219178,0.6967206309672063
histologic_type_icdo3,8550,nested_pseudo90_nn20,5,51,0.5882352941176471,0.5686274509803921,0.6779661016949152,0.6286257506550116,0.8431372549019608,0.7671232876712328,0.6216343882853094
histologic_type_icdo3,8551,frozen_tree,1,106,0.22641509433962265,0.14150943396226415,0.5128205128205128,0.8047350184987877,0.8490566037735849,0.42105263157894735,0.34793182416958834
histologic_type_icdo3,8551,frozen_tree,2,95,0.3157894736842105,0.17894736842105263,0.5531914893617021,0.7584241066883844,0.8421052631578947,0.5272727272727272,0.4059808612440191
histologic_type_icdo3,8551,frozen_tree,3,98,0.32653061224489793,0.12244897959183673,0.4090909090909091,0.6918513817010057,0.8469387755102041,0.5565217391304348,0.43115449078181994
histologic_type_icdo3,8551,frozen_tree,4,111,0.2702702702702703,0.13513513513513514,0.6222222222222222,0.8278108617091668,0.8468468468468469,0.46774193548387094,0.36469583474191763
histologic_type_icdo3,8551,frozen_tree,5,104,0.3269230769230769,0.1346153846153846,0.5,0.7355769230769231,0.8461538461538461,0.5409836065573771,0.41165430071263087
histologic_type_icdo3,8551,nested_pseudo90,1,106,0.22641509433962265,0.16981132075471697,0.5714285714285714,0.8210559695576344,0.8490566037735849,0.42105263157894735,0.34793182416958834
histologic_type_icdo3,8551,nested_pseudo90,2,95,0.3157894736842105,0.22105263157894736,0.5882352941176471,0.766599104617235,0.8421052631578947,0.5272727272727272,0.4059808612440191
histologic_type_icdo3,8551,nested_pseudo90,3,98,0.32653061224489793,0.19387755102040816,0.5490196078431373,0.7459149176912144,0.8469387755102041,0.5565217391304348,0.43115449078181994
histologic_type_icdo3,8551,nested_pseudo90,4,111,0.2702702702702703,0.16216216216216217,0.6666666666666666,0.8428083255669462,0.8468468468468469,0.46774193548387094,0.36469583474191763
histologic_type_icdo3,8551,nested_pseudo90,5,104,0.3269230769230769,0.23076923076923078,0.6206896551724138,0.7772767462422636,0.8461538461538461,0.5245901639344263,0.3906419543095106
histologic_type_icdo3,8551,nested_pseudo90_nn20,1,106,0.22641509433962265,0.16037735849056603,0.5853658536585366,0.8292144689073504,0.8490566037735849,0.42105263157894735,0.34793182416958834
histologic_type_icdo3,8551,nested_pseudo90_nn20,2,95,0.3157894736842105,0.22105263157894736,0.5882352941176471,0.766599104617235,0.8421052631578947,0.5272727272727272,0.4059808612440191
histologic_type_icdo3,8551,nested_pseudo90_nn20,3,98,0.32653061224489793,0.17346938775510204,0.5306122448979592,0.7413577675968347,0.8469387755102041,0.5565217391304348,0.43115449078181994
histologic_type_icdo3,8551,nested_pseudo90_nn20,4,111,0.2702702702702703,0.16216216216216217,0.6666666666666666,0.8428083255669462,0.8468468468468469,0.46774193548387094,0.36469583474191763
histologic_type_icdo3,8551,nested_pseudo90_nn20,5,104,0.3269230769230769,0.20192307692307693,0.5818181818181818,0.7621052150463915,0.8461538461538461,0.5409836065573771,0.41165430071263087
